cp,colonia,estado,municipio,lat,lon
97000,La Quinta,Yucat·n,MÈrida,20.984,-89.6395
97000,Jardines de San Sebastian,Yucat·n,MÈrida,20.9892,-89.7564
97000,Privada Del Maestro,Yucat·n,MÈrida,20.9823085,-89.6261558
97000,Merida Centro,Yucat·n,MÈrida,20.9689265,-89.6459422
97000,Los Cocos,Yucat·n,MÈrida,20.9485954,-89.6301336
97000,Privada Garcia Gineres C - 29,Yucat·n,MÈrida,20.989226,-89.638116
97003,Los Reyes,Yucat·n,MÈrida,20.9786506,-89.5759904
97050,Yucatan,Yucat·n,MÈrida,20.9948352,-89.6288272
97050,Alcal· MartÌn,Yucat·n,MÈrida,20.9919415,-89.6220193
97050,Conjunto Residencial Del Norte,Yucat·n,MÈrida,20.9461,-89.7034
97059,SeÒorial,Yucat·n,MÈrida,20.9904139,-89.621707
97060,Carrillo Ancona,Yucat·n,MÈrida,20.9852859,-89.6433167
97068,Itzaes,Yucat·n,MÈrida,20.9786256,-89.64389
97069,Inal·mbrica,Yucat·n,MÈrida,20.9824044,-89.6474503
97070,Dolores Patron,Yucat·n,MÈrida,20.9895921,-89.62607
97070,El Pedregal,Yucat·n,MÈrida,20.995481,-89.6340484
97070,Garcia Gineres,Yucat·n,MÈrida,20.9898794,-89.6352588
97080,La Huerta,Yucat·n,MÈrida,20.9831635,-89.6155528
97088,Santa Cecilia,Yucat·n,MÈrida,20.981542,-89.6156704
97089,Cupules,Yucat·n,MÈrida,20.9964556,-89.6320227
97098,Lourdes,Yucat·n,MÈrida,20.960203,-89.6107438
97099,Waspa,Yucat·n,MÈrida,20.9695014,-89.6086842
97100,Itzimna 2,Yucat·n,MÈrida,20.9927519,-89.6141839
97100,Itzimna,Yucat·n,MÈrida,20.9927519,-89.6141839
97100,Rinconada Itzmina,Yucat·n,MÈrida,20.992707,-89.6065912
97107,Manola,Yucat·n,MÈrida,20.9598,-89.596
97108,Las Arboledas,Yucat·n,MÈrida,20.9813262,-89.6080925
97109,Jes¡∫s Carranza,Yucat·n,MÈrida,20.9861341,-89.6126059
97109,Ferrocarrileros,Yucat·n,MÈrida,20.9815065,-89.6108994
97110,Unidad Habitacional RevoluciÛn I (Cordemex),Yucat·n,MÈrida,21.1019,-89.6764
97110,Unidad RevoluciÛn,Yucat·n,MÈrida,21.1019,-89.6764
97113,Xaman-Tan,Yucat·n,MÈrida,21.033779,-89.6048262
97113,San Antonio,Yucat·n,MÈrida,20.9886203,-89.6587058
97113,Montebello II,Yucat·n,MÈrida,21.0654,-89.6743
97113,Montebello,Yucat·n,MÈrida,21.0300318,-89.5996046
97113,Gran Royal Altabrisa,Yucat·n,MÈrida,21.0233282,-89.5894533
97113,Sol Campestre,Yucat·n,MÈrida,21.0233219,-89.6015522
97114,Monte Alban,Yucat·n,MÈrida,21.0192501,-89.6033875
97114,Privada Monterreal Plus,Yucat·n,MÈrida,21.0207235,-89.5989094
97114,Residencial Sol Campestre,Yucat·n,MÈrida,21.0422,-89.6618
97115,RevoluciÛn,Yucat·n,MÈrida,21.1019,-89.6764
97115,AmpliaciÛn RevoluciÛn,Yucat·n,MÈrida,21.1019,-89.6764
97115,AmpliaciÛn Cordemex,Yucat·n,MÈrida,21.1019,-89.6764
97115,Residencial Montejo Norte,Yucat·n,MÈrida,21.1019,-89.6764
97115,Hacienda Dzodzil,Yucat·n,MÈrida,21.0432404,-89.6254982
97115,Cordemex,Yucat·n,MÈrida,21.0379837,-89.630754
97115,Gonzalo Guerrero,Yucat·n,MÈrida,21.0271336,-89.6267148
97115,Residencial San Angelo,Yucat·n,MÈrida,21.036842,-89.619822
97115,Royal del Norte,Yucat·n,MÈrida,21.1019,-89.6764
97115,Montes de Ame,Yucat·n,MÈrida,21.0324385,-89.6207949
97116,San Antonio Cucul,Yucat·n,MÈrida,21.0220104,-89.608526
97116,Privada San Antonio Cucul,Yucat·n,MÈrida,21.0422,-89.6618
97117,San Ramon Norte I,Yucat·n,MÈrida,21.0422,-89.6618
97117,Villareal,Yucat·n,MÈrida,21.0422,-89.6618
97117,San Ramon Norte,Yucat·n,MÈrida,"21.0242996,-89.611527",-89.6115271
97117,Xaman-Kab,Yucat·n,MÈrida,21.0422,-89.6618
97117,San Ramon Sur,Yucat·n,MÈrida,21.0422,-89.6618
97118,Plan de Ayala,Yucat·n,MÈrida,21.0131989,-89.6243696
97118,Villas Del Sol,Yucat·n,MÈrida,21.0180371,-89.6250896
97118,AmpliaciÛn Plan de Ayala (Villas del Sol),Yucat·n,MÈrida,20.8995,-89.6203
97119,Villas La Hacienda,Yucat·n,MÈrida,21.0192109,-89.6162584
97119,Villas del Rey,Yucat·n,MÈrida,21.0422,-89.6618
97119,Benito Ju·rez Nte,Yucat·n,MÈrida,21.0241178,-89.620046
97119,Gonzalo Guerrero,Yucat·n,MÈrida,21.0422,-89.6618
97120,TecnolÛgico,Yucat·n,MÈrida,20.9598,-89.596
97120,Campestre,Yucat·n,MÈrida,20.9598,-89.596
97120,Del Norte,Yucat·n,MÈrida,20.984,-89.6395
97120,AmpliaciÛn del Norte (1a. AmpliaciÛn),Yucat·n,MÈrida,20.9598,-89.596
97121,Centro Sct Yucat·n,Yucat·n,MÈrida,20.9598,-89.596
97125,MÈxico,Yucat·n,MÈrida,20.9598,-89.596
97125,Privada Nuevo MÈxico,Yucat·n,MÈrida,20.9598,-89.596
97127,Montejo,Yucat·n,MÈrida,20.9598,-89.596
97127,Buenavista,Yucat·n,MÈrida,20.984,-89.6395
97128,Privada Mediterr·neo,Yucat·n,MÈrida,20.9598,-89.596
97128,Residencial Colonia MÈxico,Yucat·n,MÈrida,20.9598,-89.596
97128,Privada Real MÈxico,Yucat·n,MÈrida,20.9598,-89.596
97128,MÈxico Norte,Yucat·n,MÈrida,20.9598,-89.596
97129,Emiliano Zapata Nte,Yucat·n,MÈrida,20.9598,-89.596
97130,Vista Alegre,Yucat·n,MÈrida,21.0167,-89.5833
97130,San Remo,Yucat·n,MÈrida,20.9377,-89.5923
97130,San Carlos,Yucat·n,MÈrida,20.8588,-89.6013
97130,Privada Vista Alegre,Yucat·n,MÈrida,20.9377,-89.5923
97130,Montecarlo Norte,Yucat·n,MÈrida,20.9377,-89.5923
97130,Diaz Ordaz,Yucat·n,MÈrida,20.9377,-89.5923
97130,Montecarlo,Yucat·n,MÈrida,20.9377,-89.5923
97130,Privada Maya,Yucat·n,MÈrida,20.9377,-89.5923
97130,Altabrisa,Yucat·n,MÈrida,20.9377,-89.5923
97130,Cumbres de Altabrisa,Yucat·n,MÈrida,20.9377,-89.5923
97130,Missan II,Yucat·n,MÈrida,20.9377,-89.5923
97130,Residencial Palmerales de Altabrisa,Yucat·n,MÈrida,20.9377,-89.5923
97130,Santa Rita Cholul,Yucat·n,MÈrida,20.9377,-89.5923
97130,Torremolinos,Yucat·n,MÈrida,20.9377,-89.5923
97130,Vista Alegre Norte,Yucat·n,MÈrida,20.9377,-89.5923
97133,Montecristo,Yucat·n,MÈrida,20.984,-89.6395
97133,Residencial Camara de Comercio Norte,Yucat·n,MÈrida,20.931,-89.5887
97133,Camara de Comercio Norte,Yucat·n,MÈrida,20.931,-89.5887
97133,Los Palmares de Altabrisa,Yucat·n,MÈrida,20.931,-89.5887
97133,Monterreal,Yucat·n,MÈrida,20.931,-89.5887
97133,Montevideo,Yucat·n,MÈrida,20.931,-89.5887
97134,Maya,Yucat·n,MÈrida,20.931,-89.5887
97134,Privada Villa Cholul,Yucat·n,MÈrida,20.931,-89.5887
97134,Jose Maria Iturralde,Yucat·n,MÈrida,20.931,-89.5887
97134,ParaÌso Maya,Yucat·n,MÈrida,20.931,-89.5887
97135,Jardines de MÈrida,Yucat·n,MÈrida,20.931,-89.5887
97136,Felipe Carrillo Puerto Nte,Yucat·n,MÈrida,20.931,-89.5887
97137,MÈxico Oriente,Yucat·n,MÈrida,20.931,-89.5887
97138,Santa Maria,Yucat·n,MÈrida,20.8167,-89.6167
97138,San Pedro Cholul,Yucat·n,MÈrida,21.0319,-89.5533
97138,Los Pinos,Yucat·n,MÈrida,20.984,-89.6395
97138,Jardines del Noreste,Yucat·n,MÈrida,20.9243,-89.585
97138,Los ¡Ålamos,Yucat·n,MÈrida,20.984,-89.6395
97138,La Florida,Yucat·n,MÈrida,20.9243,-89.585
97138,Residencial Bancarios,Yucat·n,MÈrida,20.9243,-89.585
97138,Pinos Norte II,Yucat·n,MÈrida,20.9243,-89.585
97138,El Arco,Yucat·n,MÈrida,20.9243,-89.585
97138,Jardines de Vista Alegre II,Yucat·n,MÈrida,20.9243,-89.585
97138,Jardines de Vista Alegre,Yucat·n,MÈrida,20.9243,-89.585
97138,Jardines Del Norte,Yucat·n,MÈrida,20.9243,-89.585
97138,Residencial Del Arco,Yucat·n,MÈrida,20.9243,-89.585
97138,Vista Alegre Lotificacion,Yucat·n,MÈrida,20.9243,-89.585
97139,San Antonio Cinta,Yucat·n,MÈrida,20.931,-89.5887
97139,Mail Express,Yucat·n,MÈrida,20.931,-89.5887
97139,Jardines Del Norte,Yucat·n,MÈrida,20.931,-89.5887
97139,Prado Norte,Yucat·n,MÈrida,20.931,-89.5887
97139,San Antonio Cinta II,Yucat·n,MÈrida,20.931,-89.5887
97139,San Antonio Cinta III,Yucat·n,MÈrida,20.931,-89.5887
97140,Lopez Mateos,Yucat·n,MÈrida,20.984,-89.6395
97140,San Miguel,Yucat·n,MÈrida,20.8714,-89.5853
97140,San Luis,Yucat·n,MÈrida,20.984,-89.6395
97142,San Vicente Oriente,Yucat·n,MÈrida,20.9758,-89.5345
97142,Antonia Jimenez Trava,Yucat·n,MÈrida,20.9758,-89.5345
97142,PolÌgono CTM,Yucat·n,MÈrida,20.9758,-89.5345
97142,Antonia Jimenez Trava II,Yucat·n,MÈrida,20.9758,-89.5345
97142,Unidad Habitacional CTM,Yucat·n,MÈrida,20.9758,-89.5345
97143,Leandro Valle,Yucat·n,MÈrida,20.9758,-89.5345
97143,Brisas Del Bosque,Yucat·n,MÈrida,20.9758,-89.5345
97143,Itzimna 108,Yucat·n,MÈrida,20.9758,-89.5345
97143,PolÌgono 108,Yucat·n,MÈrida,20.9758,-89.5345
97143,Vicente Guerrero,Yucat·n,MÈrida,20.9758,-89.5345
97143,ConfederaciÛn de Trabajadores Del Estado de Yucat·n,Yucat·n,MÈrida,20.9758,-89.5345
97143,La Isla,Yucat·n,MÈrida,20.984,-89.6395
97143,San Vicente,Yucat·n,MÈrida,20.9758,-89.5345
97143,Boulevares de Oriente,Yucat·n,MÈrida,20.9758,-89.5345
97143,Luis Donaldo Colosio,Yucat·n,MÈrida,20.984,-89.6395
97143,Bulevares de Oriente,Yucat·n,MÈrida,20.9758,-89.5345
97144,AmpliaciÛn las Brisas,Yucat·n,MÈrida,20.9758,-89.5345
97144,Emiliano Zapata Ote,Yucat·n,MÈrida,20.9758,-89.5345
97144,Las Brisas Del Norte,Yucat·n,MÈrida,20.9758,-89.5345
97144,Las Brisas,Yucat·n,MÈrida,20.984,-89.6395
97145,Petkanche,Yucat·n,MÈrida,20.9833,-89.6
97145,Noria II,Yucat·n,MÈrida,20.9833,-89.6
97145,Las Palmas,Yucat·n,MÈrida,20.984,-89.6395
97145,Nueva Alem·n Etapa III Pet-kanche,Yucat·n,MÈrida,20.9833,-89.6
97145,Pet-kanche,Yucat·n,MÈrida,20.9833,-89.6
97145,Nueva Alem·n,Yucat·n,MÈrida,20.9833,-89.6
97145,Los ¡Ålamos Alem·n,Yucat·n,MÈrida,20.9833,-89.6
97145,San Juan Grande,Yucat·n,MÈrida,20.9833,-89.6
97146,Las Flores,Yucat·n,MÈrida,20.984,-89.6395
97146,Nueva Alem·n,Yucat·n,MÈrida,21.0728,-89.4183
97147,San Nicol·s,Yucat·n,MÈrida,20.984,-89.6395
97147,Nuevo Yucat·n,Yucat·n,MÈrida,20.9758,-89.5345
97147,San Nicol·s Del Norte,Yucat·n,MÈrida,20.9758,-89.5345
97148,Miguel Alem·n,Yucat·n,MÈrida,20.9758,-89.5345
97149,San Esteban,Yucat·n,MÈrida,20.984,-89.6395
97150,Industrial,Yucat·n,MÈrida,20.8725,-89.551
97150,Trava Quintero,Yucat·n,MÈrida,20.8725,-89.551
97155,Fenix,Yucat·n,MÈrida,20.984,-89.6395
97155,Villa Fontana,Yucat·n,MÈrida,20.885,-89.5045
97155,Lourdes Industrial,Yucat·n,MÈrida,20.885,-89.5045
97156,Los Reyes,Yucat·n,MÈrida,20.86,-89.5975
97157,Nueva Mayapan,Yucat·n,MÈrida,20.8725,-89.551
97157,L·zaro C·rdenas Ote,Yucat·n,MÈrida,20.8725,-89.551
97158,Chuminopolis,Yucat·n,MÈrida,20.8725,-89.551
97159,Manuel Avila Camacho,Yucat·n,MÈrida,20.8725,-89.551
97159,Mayapan,Yucat·n,MÈrida,20.984,-89.6395
97159,Nueva Pacabtun,Yucat·n,MÈrida,20.8725,-89.551
97159,M·ximo Ancona,Yucat·n,MÈrida,20.8725,-89.551
97159,Lotificacion las Brisas,Yucat·n,MÈrida,20.8725,-89.551
97160,Pacabtun,Yucat·n,MÈrida,20.9833,-89.5667
97160,Privada Del Autotransporte CTM,Yucat·n,MÈrida,20.9833,-89.5667
97160,Manuel Avila Camacho,Yucat·n,MÈrida,20.9833,-89.5667
97160,Del Parque,Yucat·n,MÈrida,20.9833,-89.5667
97165,Melchor Ocampo,Yucat·n,MÈrida,20.9833,-89.5667
97165,Melchor Ocampo II,Yucat·n,MÈrida,20.9833,-89.5667
97166,Salvador Alvarado Oriente,Yucat·n,MÈrida,20.9833,-89.5667
97166,Fidel Vel·zquez 2a Etapa,Yucat·n,MÈrida,20.9833,-89.5667
97166,Fidel Vel·zquez,Yucat·n,MÈrida,20.9833,-89.5667
97167,Bosques de Oriente,Yucat·n,MÈrida,20.9833,-89.5667
97167,Emilio Portes Gil,Yucat·n,MÈrida,20.9833,-89.5667
97167,Privada Emilio Portes Gil,Yucat·n,MÈrida,20.9833,-89.5667
97168,Madrid,Yucat·n,MÈrida,20.9833,-89.5667
97168,Del Carmen,Yucat·n,MÈrida,20.9833,-89.5667
97168,Cortes Sarmiento,Yucat·n,MÈrida,20.9833,-89.5667
97168,Jardines de Miraflores,Yucat·n,MÈrida,20.9833,-89.5667
97168,Cerillera,Yucat·n,MÈrida,20.9833,-89.5667
97169,Wallis,Yucat·n,MÈrida,20.9833,-89.5667
97169,Esperanza,Yucat·n,MÈrida,20.984,-89.6395
97170,Nueva Chichen-itza,Yucat·n,MÈrida,20.95,-89.6167
97170,Chichen-itza,Yucat·n,MÈrida,20.984,-89.6395
97173,Real San JosÈ,Yucat·n,MÈrida,20.95,-89.6167
97173,Vergel I,Yucat·n,MÈrida,20.95,-89.6167
97173,San Jose Vergel,Yucat·n,MÈrida,20.95,-89.6167
97173,Vergel II,Yucat·n,MÈrida,20.95,-89.6167
97173,Misne III,Yucat·n,MÈrida,20.95,-89.6167
97173,Vergel III,Yucat·n,MÈrida,20.95,-89.6167
97173,Vergel IV,Yucat·n,MÈrida,20.95,-89.6167
97174,Azcorra II,Yucat·n,MÈrida,20.95,-89.6167
97174,Villas La Macarena,Yucat·n,MÈrida,20.95,-89.6167
97174,Morelos Oriente,Yucat·n,MÈrida,20.95,-89.6167
97175,Amalia Solorzano,Yucat·n,MÈrida,20.95,-89.6167
97176,Unidad Habitacional Ricardo Flores MagÛn,Yucat·n,MÈrida,20.95,-89.6167
97176,Vergel 65,Yucat·n,MÈrida,20.95,-89.6167
97176,Paseos Del Vergel,Yucat·n,MÈrida,20.95,-89.6167
97176,MisnÈ II,Yucat·n,MÈrida,20.95,-89.6167
97176,San Antonio Kaua,Yucat·n,MÈrida,20.95,-89.6167
97176,Hacienda el Vergel,Yucat·n,MÈrida,20.95,-89.6167
97176,San Pablo Oriente,Yucat·n,MÈrida,20.95,-89.6167
97176,Aquaparque,Yucat·n,MÈrida,20.95,-89.6167
97177,Azcorra,Yucat·n,MÈrida,20.95,-89.6167
97178,Benito Ju·rez Ote,Yucat·n,MÈrida,20.95,-89.6167
97179,Miraflores,Yucat·n,MÈrida,20.984,-89.6395
97179,Privada Miraflores,Yucat·n,MÈrida,20.95,-89.6167
97180,Vicente Solis,Yucat·n,MÈrida,20.9415,-89.6162
97189,San Jose,Yucat·n,MÈrida,20.8242,-89.6605
97189,Canto,Yucat·n,MÈrida,21.0589,-89.5719
97190,Morelos Issste Fovissste,Yucat·n,MÈrida,20.895,-89.605
97190,Morelos,Yucat·n,MÈrida,20.984,-89.6395
97195,San Antonio Kaua II,Yucat·n,MÈrida,20.895,-89.605
97195,Jardines de San Antonio Kaua,Yucat·n,MÈrida,20.895,-89.605
97195,Miraflores II,Yucat·n,MÈrida,20.895,-89.605
97195,San Antonio Kaua I,Yucat·n,MÈrida,20.895,-89.605
97195,San Antonio Kaua,Yucat·n,MÈrida,20.895,-89.605
97195,Nueva Kukulkan,Yucat·n,MÈrida,20.895,-89.605
97196,Salvador Alvarado Sur II,Yucat·n,MÈrida,20.895,-89.605
97196,Militar,Yucat·n,MÈrida,20.895,-89.605
97196,AmpliaciÛn Salvador Alvarado Sur,Yucat·n,MÈrida,20.895,-89.605
97196,Salvador Alvarado Sur,Yucat·n,MÈrida,20.895,-89.605
97196,San Antonio Del Sur,Yucat·n,MÈrida,20.895,-89.605
97197,Granjas,Yucat·n,MÈrida,20.895,-89.605
97198,AmpliaciÛn Granjas,Yucat·n,MÈrida,20.895,-89.605
97198,Reparto Granjas,Yucat·n,MÈrida,20.895,-89.605
97198,Kukulcan,Yucat·n,MÈrida,20.895,-89.605
97199,Maria Luisa,Yucat·n,MÈrida,20.895,-89.605
97203,Magnolias,Yucat·n,MÈrida,20.984,-89.6395
97203,MÈrida,Yucat·n,MÈrida,20.9754,-89.617
97203,San Pablo,Yucat·n,MÈrida,20.984,-89.6395
97203,Puesta del Sol,Yucat·n,MÈrida,20.9754,-89.617
97203,Chuburna de Hidalgo IV,Yucat·n,MÈrida,20.9754,-89.617
97203,RincÛn Colonial,Yucat·n,MÈrida,20.9754,-89.617
97203,AmpliaciÛn Francisco de Montejo,Yucat·n,MÈrida,20.9754,-89.617
97203,Tulias de Chuburna,Yucat·n,MÈrida,20.9754,-89.617
97203,Arboledas Chuburna,Yucat·n,MÈrida,20.9754,-89.617
97203,Arcos del Sol,Yucat·n,MÈrida,20.9754,-89.617
97203,Aurea Residencial,Yucat·n,MÈrida,20.9754,-89.617
97203,Camara de La ConstrucciÛn,Yucat·n,MÈrida,20.9754,-89.617
97203,Francisco de Montejo II,Yucat·n,MÈrida,20.9754,-89.617
97203,Francisco de Montejo III,Yucat·n,MÈrida,20.9754,-89.617
97203,Francisco de Montejo IV,Yucat·n,MÈrida,20.9754,-89.617
97203,Francisco de Montejo V,Yucat·n,MÈrida,20.9754,-89.617
97203,La Castellana,Yucat·n,MÈrida,20.9754,-89.617
97203,Las Haciendas III,Yucat·n,MÈrida,20.9754,-89.617
97203,Nuevo San JosÈ,Yucat·n,MÈrida,20.9754,-89.617
97203,Platino,Yucat·n,MÈrida,20.9754,-89.617
97203,Privada Chuburna de Hidalgo (II),Yucat·n,MÈrida,20.9754,-89.617
97203,Nueva San Jose Chuburna,Yucat·n,MÈrida,20.9754,-89.617
97203,Francisco de Montejo,Yucat·n,MÈrida,20.9754,-89.617
97203,San Francisco Chuburna II,Yucat·n,MÈrida,20.9754,-89.617
97203,Almendros,Yucat·n,MÈrida,20.9754,-89.617
97203,Brisas de Chuburna,Yucat·n,MÈrida,20.9754,-89.617
97203,El Conquistador,Yucat·n,MÈrida,20.9754,-89.617
97203,Lotificacion Chuburna de Hidalgo I,Yucat·n,MÈrida,20.9754,-89.617
97203,Terranova,Yucat·n,MÈrida,20.9754,-89.617
97203,Villas Del Prado,Yucat·n,MÈrida,20.9754,-89.617
97203,Chuburna de Hidalgo V,Yucat·n,MÈrida,20.9754,-89.617
97203,Cordeleros de Chuburna,Yucat·n,MÈrida,20.9754,-89.617
97203,Lotificacion Chuburna de Hidalgo II,Yucat·n,MÈrida,20.9754,-89.617
97203,Privada las Palmas,Yucat·n,MÈrida,20.9754,-89.617
97203,Privada Palma Corozal,Yucat·n,MÈrida,20.9754,-89.617
97203,Industrias No Contaminantes,Yucat·n,MÈrida,20.9754,-89.617
97203,Del Bosque,Yucat·n,MÈrida,20.9754,-89.617
97203,Cocoteros,Yucat·n,MÈrida,20.9754,-89.617
97203,Chuburna de Hidalgo III,Yucat·n,MÈrida,20.9754,-89.617
97203,El Prado,Yucat·n,MÈrida,20.9754,-89.617
97203,Vista Alegre de Chuburna,Yucat·n,MÈrida,20.9754,-89.617
97203,Villas las Palmas,Yucat·n,MÈrida,20.9754,-89.617
97203,Arekas,Yucat·n,MÈrida,20.9754,-89.617
97203,Privada Chuburna Plus,Yucat·n,MÈrida,20.9754,-89.617
97203,Privada Villa Palma Real,Yucat·n,MÈrida,20.9754,-89.617
97203,San Pedro Uxmal,Yucat·n,MÈrida,20.9754,-89.617
97204,Xcumpich,Yucat·n,MÈrida,21.035,-89.6355
97204,Residencial Galerias,Yucat·n,MÈrida,21.0685,-89.6559
97204,Residencial Piedrasul,Yucat·n,MÈrida,21.0685,-89.6559
97204,VÌa Montejo,Yucat·n,MÈrida,21.0685,-89.6559
97205,Bugambilias,Yucat·n,MÈrida,20.984,-89.6395
97205,Loma Bonita Xcumpich,Yucat·n,MÈrida,21.0771,-89.5802
97205,San ¡Ångel,Yucat·n,MÈrida,20.984,-89.6395
97205,Villa Carmencita,Yucat·n,MÈrida,21.0771,-89.5802
97205,El Cortijo I,Yucat·n,MÈrida,21.1122,-89.7478
97205,Chuburna de Hidalgo,Yucat·n,MÈrida,21.0167,-89.6333
97205,Boulevares de Chuburna,Yucat·n,MÈrida,21.0771,-89.5802
97205,Tabachines,Yucat·n,MÈrida,21.0771,-89.5802
97205,Floresta,Yucat·n,MÈrida,21.0771,-89.5802
97205,Pinzon,Yucat·n,MÈrida,21.0771,-89.5802
97205,Paseo de Montejo,Yucat·n,MÈrida,21.0771,-89.5802
97205,Las Hadas,Yucat·n,MÈrida,21.0771,-89.5802
97205,Loma Bonita,Yucat·n,MÈrida,21.0771,-89.5802
97205,Privada Arboledas,Yucat·n,MÈrida,21.0771,-89.5802
97205,Privada Campestre Chuburna,Yucat·n,MÈrida,21.0771,-89.5802
97205,Privada Turquesa,Yucat·n,MÈrida,21.0771,-89.5802
97205,Residencial Hacienda Real,Yucat·n,MÈrida,21.0771,-89.5802
97205,Chuburna Inn,Yucat·n,MÈrida,21.0771,-89.5802
97205,Privada Cortijo,Yucat·n,MÈrida,21.0771,-89.5802
97205,Privada Pedregal II,Yucat·n,MÈrida,21.0771,-89.5802
97205,Juan B Sosa,Yucat·n,MÈrida,21.0771,-89.5802
97205,San Luis Chuburna,Yucat·n,MÈrida,21.0771,-89.5802
97205,El Campanario,Yucat·n,MÈrida,21.0771,-89.5802
97205,Privada las Flores,Yucat·n,MÈrida,21.0771,-89.5802
97205,El Cortijo II,Yucat·n,MÈrida,21.0771,-89.5802
97205,Privada Chuburna de Hidalgo I,Yucat·n,MÈrida,21.0771,-89.5802
97206,Las Dalias,Yucat·n,MÈrida,20.984,-89.6395
97206,Yaxche,Yucat·n,MÈrida,21.034,-89.5002
97206,El Rosario,Yucat·n,MÈrida,20.984,-89.6395
97206,ParaÌso,Yucat·n,MÈrida,20.8703,-89.5947
97206,San Francisco I,Yucat·n,MÈrida,20.9521,-89.5474
97206,Privada San Jose,Yucat·n,MÈrida,20.9521,-89.5474
97206,San Francisco Chuburna,Yucat·n,MÈrida,20.9521,-89.5474
97206,Las Dalias II y III,Yucat·n,MÈrida,20.9521,-89.5474
97206,San Jose I,Yucat·n,MÈrida,20.9521,-89.5474
97206,Villas Chuburna IV,Yucat·n,MÈrida,20.9521,-89.5474
97206,Residencial La Noria,Yucat·n,MÈrida,20.9521,-89.5474
97206,Residencial Turquesa,Yucat·n,MÈrida,20.9521,-89.5474
97206,Privada Cipreses,Yucat·n,MÈrida,20.9521,-89.5474
97206,MÈrida (Elefante Grande),Yucat·n,MÈrida,20.9521,-89.5474
97206,Lotificacion San Vicente Chuburna,Yucat·n,MÈrida,20.9521,-89.5474
97206,San Jose II,Yucat·n,MÈrida,20.9521,-89.5474
97206,Privada La Hacienda,Yucat·n,MÈrida,20.9521,-89.5474
97206,San Vicente Chuburna,Yucat·n,MÈrida,20.9521,-89.5474
97206,Privada San ¡Ångel Chuburna,Yucat·n,MÈrida,20.9521,-89.5474
97207,Villas de Chuburna,Yucat·n,MÈrida,21.0294,-89.5997
97207,Callejones de Chuburna,Yucat·n,MÈrida,21.0294,-89.5997
97208,El Cedral,Yucat·n,MÈrida,20.984,-89.6395
97208,Resid. Las Quintas (Chuburna),Yucat·n,MÈrida,21.0167,-89.6333
97208,Felipe Carrillo Puerto,Yucat·n,MÈrida,20.984,-89.6395
97208,Malaga,Yucat·n,MÈrida,21.0167,-89.6333
97208,Rinconada de Chuburna,Yucat·n,MÈrida,21.0167,-89.6333
97208,Privada Chuburna de Hidalgo,Yucat·n,MÈrida,21.0167,-89.6333
97208,Residencial Atlantis,Yucat·n,MÈrida,21.0167,-89.6333
97208,60 Norte,Yucat·n,MÈrida,21.0167,-89.6333
97209,Jardines de Chuburna,Yucat·n,MÈrida,21.0294,-89.5997
97209,Privada San Jorge (Chuburna),Yucat·n,MÈrida,21.0294,-89.5997
97210,Tanlum,Yucat·n,MÈrida,20.8917,-89.65
97210,JoaquÌn Ceballos Mimenza,Yucat·n,MÈrida,20.8917,-89.65
97210,Pedregales de Tanlum,Yucat·n,MÈrida,20.8917,-89.65
97215,¡Åguilas Chuburna,Yucat·n,MÈrida,20.8917,-89.65
97215,Colonial Buenavista,Yucat·n,MÈrida,20.8917,-89.65
97215,Colonial Chuburna,Yucat·n,MÈrida,20.8917,-89.65
97217,Residencial Pensiones III,Yucat·n,MÈrida,20.8917,-89.65
97217,Residencial Pensiones VI,Yucat·n,MÈrida,20.8917,-89.65
97217,Residencial Pensiones I y II,Yucat·n,MÈrida,20.8917,-89.65
97217,Residencial Pensiones V,Yucat·n,MÈrida,20.8917,-89.65
97217,Residencial Pensiones III (II),Yucat·n,MÈrida,20.8917,-89.65
97217,Fovissste,Yucat·n,MÈrida,20.8917,-89.65
97217,Francisco El Porvenir,Yucat·n,MÈrida,20.8917,-89.65
97217,Residencial Pensiones IV,Yucat·n,MÈrida,20.8917,-89.65
97217,Pensiones Norte,Yucat·n,MÈrida,20.8917,-89.65
97217,Residencial Pensiones III (1),Yucat·n,MÈrida,20.8917,-89.65
97218,Roma,Yucat·n,MÈrida,20.7667,-89.65
97218,San Isidro,Yucat·n,MÈrida,20.7667,-89.65
97218,San Dami·n,Yucat·n,MÈrida,20.7667,-89.65
97218,Lotificacion San Dami·n,Yucat·n,MÈrida,20.7667,-89.65
97218,Privada San Dami·n,Yucat·n,MÈrida,20.7667,-89.65
97218,Conjunto los Naranjos,Yucat·n,MÈrida,20.7667,-89.65
97218,Residencial Roma,Yucat·n,MÈrida,20.7667,-89.65
97219,Limones,Yucat·n,MÈrida,20.984,-89.6395
97219,Chenku,Yucat·n,MÈrida,21.0167,-89.65
97219,Lindavista,Yucat·n,MÈrida,20.984,-89.6395
97219,Residencial Del Bosque Chenku,Yucat·n,MÈrida,21.0167,-89.65
97219,Francisco Villa,Yucat·n,MÈrida,20.984,-89.6395
97219,Quinta Versalles,Yucat·n,MÈrida,21.0167,-89.65
97219,L·zaro C·rdenas,Yucat·n,MÈrida,20.984,-89.6395
97219,Privada Pensiones,Yucat·n,MÈrida,21.0167,-89.65
97219,Lotificacion San Damiancito II,Yucat·n,MÈrida,21.0167,-89.65
97219,San Damiancito,Yucat·n,MÈrida,21.0167,-89.65
97219,Residencial Del Norte,Yucat·n,MÈrida,21.0167,-89.65
97219,Lindavista II,Yucat·n,MÈrida,21.0167,-89.65
97219,Jardines de Lindavista,Yucat·n,MÈrida,21.0167,-89.65
97219,Amapola,Yucat·n,MÈrida,21.0167,-89.65
97219,Jardines de Pensiones,Yucat·n,MÈrida,21.0167,-89.65
97219,Residencial Pensiones VII,Yucat·n,MÈrida,21.0167,-89.65
97219,Lotificacion San Damiancito I,Yucat·n,MÈrida,21.0167,-89.65
97219,Pedregal Lindavista,Yucat·n,MÈrida,21.0167,-89.65
97219,Paseos de Pensiones,Yucat·n,MÈrida,21.0167,-89.65
97219,Paseos de Chenku,Yucat·n,MÈrida,21.0167,-89.65
97219,Hidr·ulica,Yucat·n,MÈrida,21.0167,-89.65
97219,AmpliaciÛn Pedregales de Lindavista,Yucat·n,MÈrida,21.0167,-89.65
97219,AmpliaciÛn Lindavista (Elefante Chico),Yucat·n,MÈrida,21.0167,-89.65
97219,Pensiones,Yucat·n,MÈrida,21.0167,-89.65
97219,Unidad Habitacional MÈrida Issste,Yucat·n,MÈrida,21.0167,-89.65
97220,Atlante,Yucat·n,MÈrida,20.8753,-89.5953
97220,Nueva Hidalgo,Yucat·n,MÈrida,20.8753,-89.5953
97220,Atl·ntida,Yucat·n,MÈrida,20.8753,-89.5953
97220,La Vaca Feliz,Yucat·n,MÈrida,20.8753,-89.5953
97220,Miguel Hidalgo,Yucat·n,MÈrida,20.8753,-89.5953
97220,Zona Dorada,Yucat·n,MÈrida,20.8753,-89.5953
97225,Privada San Pedro,Yucat·n,MÈrida,20.8753,-89.5953
97225,Paseo de las Fuentes,Yucat·n,MÈrida,20.8753,-89.5953
97226,El Porvenir,Yucat·n,MÈrida,20.984,-89.6395
97227,Las Vigas,Yucat·n,MÈrida,20.8753,-89.5953
97227,Jacinto Canek,Yucat·n,MÈrida,20.984,-89.6395
97229,Xcom,Yucat·n,MÈrida,20.8753,-89.5953
97229,AmpliaciÛn Roma (Luis EcheverrÌa),Yucat·n,MÈrida,20.8753,-89.5953
97229,Luis EcheverrÌa Alvarez,Yucat·n,MÈrida,20.984,-89.6395
97229,15 de Mayo,Yucat·n,MÈrida,20.8753,-89.5953
97229,Hacienda Inn,Yucat·n,MÈrida,20.8753,-89.5953
97229,Zona Dorada II,Yucat·n,MÈrida,20.8753,-89.5953
97229,Hacienda San Antonio,Yucat·n,MÈrida,20.8753,-89.5953
97229,Villa Zona Dorada,Yucat·n,MÈrida,20.8753,-89.5953
97230,Armando Avila Gurrutia,Yucat·n,MÈrida,20.9328,-89.6283
97230,Bojorquez,Yucat·n,MÈrida,20.9328,-89.6283
97237,Central de Abasto,Yucat·n,MÈrida,20.9328,-89.6283
97238,Residencial Casa Blanca,Yucat·n,MÈrida,20.9328,-89.6283
97238,Villas de Yacalpeten,Yucat·n,MÈrida,20.9328,-89.6283
97238,Brisas del Poniente (Yucalpeten),Yucat·n,MÈrida,20.9328,-89.6283
97238,Yucalpeten,Yucat·n,MÈrida,20.9328,-89.6283
97238,Nora Quintana,Yucat·n,MÈrida,20.9328,-89.6283
97238,Jardines de Yucalpeten,Yucat·n,MÈrida,20.9328,-89.6283
97239,Yucalpeten Secc Florida,Yucat·n,MÈrida,20.9328,-89.6283
97240,Francisco I Madero,Yucat·n,MÈrida,20.984,-89.6395
97245,Xoclan Canto,Yucat·n,MÈrida,20.9259,-89.7159
97245,Xoclan Santos,Yucat·n,MÈrida,20.9259,-89.7159
97245,Lopez Portillo,Yucat·n,MÈrida,20.984,-89.6395
97246,Juan Pablo II,Yucat·n,MÈrida,20.9167,-89.7167
97246,La Reja,Yucat·n,MÈrida,20.984,-89.6395
97246,Mulsay,Yucat·n,MÈrida,20.9167,-89.7167
97246,Los ¡Ångeles,Yucat·n,MÈrida,20.984,-89.6395
97246,Bosques de Mulsay,Yucat·n,MÈrida,20.9167,-89.7167
97246,Bosques Del Poniente,Yucat·n,MÈrida,20.9167,-89.7167
97246,Xoclan Xbech,Yucat·n,MÈrida,20.9167,-89.7167
97246,Granja Fruticola Susula,Yucat·n,MÈrida,20.9167,-89.7167
97246,Jardines de Nueva Mulsay,Yucat·n,MÈrida,20.9167,-89.7167
97246,Mulsay Solidaridad,Yucat·n,MÈrida,20.9167,-89.7167
97246,Xoclan,Yucat·n,MÈrida,20.9167,-89.7167
97246,AmpliaciÛn Juan Pablo II,Yucat·n,MÈrida,20.9167,-89.7167
97246,Xoclan Carmelitas,Yucat·n,MÈrida,20.9167,-89.7167
97246,Anexo Juan Pablo II,Yucat·n,MÈrida,20.9167,-89.7167
97246,Xoclan Rejas,Yucat·n,MÈrida,20.9167,-89.7167
97246,Angeles II,Yucat·n,MÈrida,20.9167,-89.7167
97246,Juan Pablo II Cardenales,Yucat·n,MÈrida,20.9167,-89.7167
97246,Villas de Tixcacal,Yucat·n,MÈrida,20.9167,-89.7167
97246,Paseos de Opichen,Yucat·n,MÈrida,20.9167,-89.7167
97246,Bosques de Yucalpeten,Yucat·n,MÈrida,20.9167,-89.7167
97246,Hacienda Mulsay,Yucat·n,MÈrida,20.9167,-89.7167
97246,San Jose Xoclan,Yucat·n,MÈrida,20.9167,-89.7167
97246,Juan Pablo II Secc. MÈrida 2000,Yucat·n,MÈrida,20.9167,-89.7167
97246,MÈxico Poniente,Yucat·n,MÈrida,20.9167,-89.7167
97246,Mulsay de La Magdalena,Yucat·n,MÈrida,20.9167,-89.7167
97246,Mulsay PolÌgono,Yucat·n,MÈrida,20.9167,-89.7167
97247,San Cayetano,Yucat·n,MÈrida,20.9259,-89.7159
97247,San Lorenzo,Yucat·n,MÈrida,20.984,-89.6395
97249,Tixcacal Opichen,Yucat·n,MÈrida,20.9443,-89.7144
97249,Pedregales de Nueva Mulsay Etapa,Yucat·n,MÈrida,20.9305,-89.7155
97249,AmpliaciÛn Tixcacal Opichen,Yucat·n,MÈrida,20.9305,-89.7155
97249,CinturÛn Verde,Yucat·n,MÈrida,20.9305,-89.7155
97249,Diamante Paseos de Opichen,Yucat·n,MÈrida,20.9305,-89.7155
97249,Girasoles de Opichen,Yucat·n,MÈrida,20.9305,-89.7155
97249,Hacienda Opichen,Yucat·n,MÈrida,20.9305,-89.7155
97249,Jardines de Nueva Mulsay III,Yucat·n,MÈrida,20.9305,-89.7155
97249,N¡∫cleo Mulsay,Yucat·n,MÈrida,20.9305,-89.7155
97249,Nueva Reforma Agraria,Yucat·n,MÈrida,20.9305,-89.7155
97249,Plantel MÈxico,Yucat·n,MÈrida,20.9305,-89.7155
97249,Residencial Valparaiso,Yucat·n,MÈrida,20.9305,-89.7155
97249,Tulipanes Opichen,Yucat·n,MÈrida,20.9305,-89.7155
97249,Villa Magna II,Yucat·n,MÈrida,20.9305,-89.7155
97249,Xoclan Susula (El Convento),Yucat·n,MÈrida,20.9305,-89.7155
97249,Nueva Mulsay,Yucat·n,MÈrida,20.9305,-89.7155
97249,Villa Magna,Yucat·n,MÈrida,20.9305,-89.7155
97249,Nueva Mulsay I,Yucat·n,MÈrida,20.9305,-89.7155
97249,Xoclan Susula,Yucat·n,MÈrida,20.9305,-89.7155
97249,Jardines de Nueva Mulsay II,Yucat·n,MÈrida,20.9305,-89.7155
97250,Sambula,Yucat·n,MÈrida,20.984,-89.6395
97250,Nueva Sambula,Yucat·n,MÈrida,20.7,-89.8
97255,Santa B·rbara,Yucat·n,MÈrida,20.984,-89.6395
97255,El Roble,Yucat·n,MÈrida,20.7994,-89.6093
97255,Roble AgrÌcola III,Yucat·n,MÈrida,20.7994,-89.6093
97255,Manuel Crescencio Rejon,Yucat·n,MÈrida,20.7994,-89.6093
97255,Bicentenario,Yucat·n,MÈrida,20.7994,-89.6093
97255,Roble II,Yucat·n,MÈrida,20.7994,-89.6093
97256,Libertad III,Yucat·n,MÈrida,20.87,-89.5875
97256,Renacimiento I,Yucat·n,MÈrida,20.87,-89.5875
97256,Lol-Be,Yucat·n,MÈrida,20.984,-89.6395
97256,Industrial Bridec,Yucat·n,MÈrida,20.87,-89.5875
97256,Renacimiento II,Yucat·n,MÈrida,20.87,-89.5875
97256,Graciano Ricalde,Yucat·n,MÈrida,20.87,-89.5875
97256,Villas MÈrida,Yucat·n,MÈrida,20.87,-89.5875
97256,Residencial Nicte,Yucat·n,MÈrida,20.87,-89.5875
97256,¡Ålvaro Torres,Yucat·n,MÈrida,20.87,-89.5875
97256,Libertad II,Yucat·n,MÈrida,20.87,-89.5875
97256,Pino Su·rez,Yucat·n,MÈrida,20.87,-89.5875
97258,Salvador Alvarado,Yucat·n,MÈrida,20.984,-89.6395
97259,Itzaez,Yucat·n,MÈrida,20.7994,-89.6093
97260,Obrera,Yucat·n,MÈrida,20.9328,-89.6283
97260,Circuito Colonias,Yucat·n,MÈrida,20.9328,-89.6283
97260,Nueva Obrera,Yucat·n,MÈrida,20.9328,-89.6283
97260,Villa Moderna,Yucat·n,MÈrida,20.9328,-89.6283
97260,Villa de la Obrera II,Yucat·n,MÈrida,20.9328,-89.6283
97260,Villas del Mayab,Yucat·n,MÈrida,20.9328,-89.6283
97267,Manzana 115,Yucat·n,MÈrida,20.9328,-89.6283
97268,Quinta Valencia,Yucat·n,MÈrida,20.9328,-89.6283
97268,Delio Moreno Canton,Yucat·n,MÈrida,20.9328,-89.6283
97269,Santa Maria de Guadalupe,Yucat·n,MÈrida,20.9328,-89.6283
97269,Meliton Salazar,Yucat·n,MÈrida,20.9328,-89.6283
97269,Las Palmeras II,Yucat·n,MÈrida,20.9328,-89.6283
97270,Dolores Otero,Yucat·n,MÈrida,20.853,-89.5979
97277,Mercedes Barrera,Yucat·n,MÈrida,20.853,-89.5979
97278,Castilla Camara,Yucat·n,MÈrida,20.853,-89.5979
97278,Bosques Del Pedregal,Yucat·n,MÈrida,20.853,-89.5979
97279,Santa Rosa,Yucat·n,MÈrida,20.853,-89.5979
97279,Quinta Santa Rosa,Yucat·n,MÈrida,20.853,-89.5979
97280,Santa Rita,Yucat·n,MÈrida,20.984,-89.6395
97280,5 Colonias,Yucat·n,MÈrida,20.8618,-89.6404
97284,Lomas Del Sur,Yucat·n,MÈrida,20.8618,-89.6404
97285,Las Nubes,Yucat·n,MÈrida,20.984,-89.6395
97285,Plan de Ayala Sur,Yucat·n,MÈrida,20.8995,-89.6203
97285,San JosÈ Tzal,Yucat·n,MÈrida,20.8242,-89.6605
97285,Palmas del Sur,Yucat·n,MÈrida,20.8618,-89.6404
97285,Villa Magna del Sur,Yucat·n,MÈrida,20.8618,-89.6404
97285,San Carlos Del Sur,Yucat·n,MÈrida,20.8618,-89.6404
97285,Serapio RendÛn III,Yucat·n,MÈrida,20.8618,-89.6404
97285,Bellavista,Yucat·n,MÈrida,20.8618,-89.6404
97285,Jardines del Sur,Yucat·n,MÈrida,20.8618,-89.6404
97285,Serapio RendÛn II,Yucat·n,MÈrida,20.8618,-89.6404
97285,¡Ålamos del Sur,Yucat·n,MÈrida,20.8618,-89.6404
97285,Serapio RendÛn,Yucat·n,MÈrida,20.8618,-89.6404
97285,Villas Del Sur,Yucat·n,MÈrida,20.8618,-89.6404
97285,Plan de Ayala Sur III,Yucat·n,MÈrida,20.8618,-89.6404
97285,San Carlos Del Sur II,Yucat·n,MÈrida,20.8618,-89.6404
97285,Villa Bonita,Yucat·n,MÈrida,20.8618,-89.6404
97285,Lotificacion Serapio RendÛn 1,Yucat·n,MÈrida,20.8618,-89.6404
97286,Las Brisas Del Sur,Yucat·n,MÈrida,20.8618,-89.6404
97287,Del Sur,Yucat·n,MÈrida,20.984,-89.6395
97288,AmpliaciÛn Ciudad Industrial,Yucat·n,MÈrida,20.8618,-89.6404
97288,Ciudad Industrial,Yucat·n,MÈrida,20.8618,-89.6404
97289,La Hacienda,Yucat·n,MÈrida,20.8618,-89.6404
97289,San Nicol·s Del Sur,Yucat·n,MÈrida,20.8618,-89.6404
97290,La Guadalupana,Yucat·n,MÈrida,20.984,-89.6395
97290,San Antonio Xluch,Yucat·n,MÈrida,20.8985,-89.6509
97290,Nueva San Jose Tecoh,Yucat·n,MÈrida,20.8985,-89.6509
97290,San Antonio Xluch II,Yucat·n,MÈrida,20.8985,-89.6509
97290,San Luis Sur,Yucat·n,MÈrida,20.8985,-89.6509
97295,San Marcos,Yucat·n,MÈrida,20.984,-89.6395
97295,Santa Cruz,Yucat·n,MÈrida,20.8807,-89.6533
97295,El Roble AgrÌcola,Yucat·n,MÈrida,20.8807,-89.6533
97295,MÈrida (Lic. Manuel Crescencio Rejon),Yucat·n,MÈrida,20.8807,-89.6533
97296,San Marcos Nocoh,Yucat·n,MÈrida,20.8896,-89.6521
97296,San Marcos Nocoh II,Yucat·n,MÈrida,20.8896,-89.6521
97297,Emiliano Zapata Sur III,Yucat·n,MÈrida,20.8896,-89.6521
97297,Emiliano Zapata Sur II,Yucat·n,MÈrida,20.8896,-89.6521
97297,Villas Quetzal,Yucat·n,MÈrida,20.8896,-89.6521
97297,Emiliano Zapata Sur,Yucat·n,MÈrida,20.8896,-89.6521
97297,Metropolitana,Yucat·n,MÈrida,20.8896,-89.6521
97297,San Luis Sur,Yucat·n,MÈrida,20.8896,-89.6521
97297,San Antonio Xluch III,Yucat·n,MÈrida,20.8896,-89.6521
97298,Privada Zuzil - Ha,Yucat·n,MÈrida,20.8896,-89.6521
97298,Zacilha,Yucat·n,MÈrida,20.8896,-89.6521
97298,Brisas de San JosÈ,Yucat·n,MÈrida,20.8896,-89.6521
97298,Zazil - Ha II,Yucat·n,MÈrida,20.8896,-89.6521
97298,San Jose Tecoh Sur,Yucat·n,MÈrida,20.8896,-89.6521
97299,San Jose Tecoh,Yucat·n,MÈrida,20.8896,-89.6521
97299,San Antonio Tecoh,Yucat·n,MÈrida,20.8896,-89.6521
97300,Ejido de Chuburna,Yucat·n,MÈrida,21.0778,-89.6205
97302,Temozon Norte,Yucat·n,MÈrida,21.0647,-89.596
97302,Chablekal,Yucat·n,MÈrida,21.0965,-89.5777
97302,Sac-NictÈ,Yucat·n,MÈrida,21.1412,-89.5843
97302,KomchÈn,Yucat·n,MÈrida,21.1034,-89.6624
97302,Dzity·,Yucat·n,MÈrida,21.0519,-89.6785
97302,Sierra Papacal,Yucat·n,MÈrida,21.1252,-89.7302
97302,Royal del Parque,Yucat·n,MÈrida,21.1015,-89.6437
97302,Xcanat¡∫n,Yucat·n,MÈrida,21.0766,-89.6303
97302,Las Fincas,Yucat·n,MÈrida,21.1015,-89.6437
97302,DzidzilchÈ,Yucat·n,MÈrida,21.1523,-89.6903
97302,San Antonio Residencial,Yucat·n,MÈrida,21.1015,-89.6437
97302,Xotik,Yucat·n,MÈrida,21.1015,-89.6437
97302,Los Tamarindos,Yucat·n,MÈrida,21.1015,-89.6437
97302,N¡∫cleo Sodzil,Yucat·n,MÈrida,21.1015,-89.6437
97302,PalmequÈn,Yucat·n,MÈrida,21.1015,-89.6437
97302,Residencial Xcanat¡∫n,Yucat·n,MÈrida,21.1015,-89.6437
97302,Piedra Antigua,Yucat·n,MÈrida,21.1015,-89.6437
97302,Real Montejo,Yucat·n,MÈrida,21.1015,-89.6437
97302,Residencial del Mayab,Yucat·n,MÈrida,21.1015,-89.6437
97302,Las AmÈricas,Yucat·n,MÈrida,21.1015,-89.6437
97302,Club de Golf La Ceiba,Yucat·n,MÈrida,21.1015,-89.6437
97302,Las AmÈricas II,Yucat·n,MÈrida,21.1015,-89.6437
97303,Cheum·n,Yucat·n,MÈrida,21.067,-89.7071
97303,Cosgaya,Yucat·n,MÈrida,21.0987,-89.7061
97303,Noc Ac,Yucat·n,MÈrida,21.0794,-89.7177
97303,Kikteil,Yucat·n,MÈrida,21.1298,-89.6941
97304,TamanchÈ,Yucat·n,MÈrida,21.1392,-89.6413
97304,Xcuny·,Yucat·n,MÈrida,21.1326,-89.614
97305,Dzibilchalt¡∫n,Yucat·n,MÈrida,21.0982,-89.5985
97305,Villas Cholul,Yucat·n,MÈrida,21.011,-89.5709
97305,Santa Gertrudis Copo,Yucat·n,MÈrida,21.0332,-89.5919
97305,Cholul,Yucat·n,MÈrida,21.0426,-89.5587
97305,Granjas Cholul,Yucat·n,MÈrida,21.011,-89.5709
97305,Jalapa,Yucat·n,MÈrida,20.984,-89.6395
97305,Sian Kaan,Yucat·n,MÈrida,21.011,-89.5709
97305,San Luis Cholul,Yucat·n,MÈrida,21.011,-89.5709
97305,Residencial Campestre Viladiu,Yucat·n,MÈrida,21.011,-89.5709
97305,Residencial Anturio,Yucat·n,MÈrida,21.011,-89.5709
97305,Parque Central,Yucat·n,MÈrida,21.011,-89.5709
97305,ParaÌso las Margaritas,Yucat·n,MÈrida,21.011,-89.5709
97305,Las Margaritas de Cholul,Yucat·n,MÈrida,21.011,-89.5709
97305,Gran San Pedro Cholul,Yucat·n,MÈrida,21.011,-89.5709
97305,Cocoyoles,Yucat·n,MÈrida,21.011,-89.5709
97305,Bogdan,Yucat·n,MÈrida,21.011,-89.5709
97305,Altavista,Yucat·n,MÈrida,21.011,-89.5709
97305,Algarrobos Desarrollo Residencial,Yucat·n,MÈrida,21.011,-89.5709
97306,Santa MarÌa ChÌ,Yucat·n,MÈrida,21.0322,-89.4815
97306,Sitpach,Yucat·n,MÈrida,21.0265,-89.5212
97306,Chichi DÌaz,Yucat·n,MÈrida,21.0293,-89.5014
97306,Los HÈroes,Yucat·n,MÈrida,21.0293,-89.5014
97306,Villas de Oriente,Yucat·n,MÈrida,21.0293,-89.5014
97306,Chichi Su·rez,Yucat·n,MÈrida,21.0293,-89.5014
97307,La Rejoyada,Yucat·n,MÈrida,20.984,-89.6395
97308,Yucat·n Country Club,Yucat·n,MÈrida,21.1172,-89.635
97308,Santa MarÌa YaxchÈ,Yucat·n,MÈrida,21.1172,-89.635
97309,YaxchÈ Casares,Yucat·n,MÈrida,21.034,-89.5002
97309,Cordemex,Yucat·n,MÈrida,21.034,-89.5002
97310,Onc·n,Yucat·n,MÈrida,20.9635,-89.4839
97312,Chalmuch,Yucat·n,MÈrida,20.9737,-89.7292
97312,Tixcacal,Yucat·n,MÈrida,20.9167,-89.6
97312,Los Faisanes de Tixcacal,Yucat·n,MÈrida,20.9452,-89.6646
97314,Caucel,Yucat·n,MÈrida,21.0154,-89.7035
97314,La Ceiba,Yucat·n,MÈrida,21.0914,-89.6294
97314,Susul·,Yucat·n,MÈrida,20.9727,-89.6967
97314,Las Torres,Yucat·n,MÈrida,20.984,-89.6395
97314,Boulevares,Yucat·n,MÈrida,21.0265,-89.6765
97314,La Herradura,Yucat·n,MÈrida,20.984,-89.6395
97314,Ciricotes de Caucel,Yucat·n,MÈrida,21.0265,-89.6765
97314,Los Almendros,Yucat·n,MÈrida,20.984,-89.6395
97314,Sol Caucel,Yucat·n,MÈrida,21.0265,-89.6765
97314,Caucel II,Yucat·n,MÈrida,21.0265,-89.6765
97314,Horizontes de Caucel,Yucat·n,MÈrida,21.0265,-89.6765
97314,Las Torres III,Yucat·n,MÈrida,21.0265,-89.6765
97314,Hacienda Caucel,Yucat·n,MÈrida,21.0265,-89.6765
97314,Los Balcones,Yucat·n,MÈrida,21.0265,-89.6765
97314,Centenario C·mara de Comercio Caucel,Yucat·n,MÈrida,21.0265,-89.6765
97314,Los Cocos de Caucel,Yucat·n,MÈrida,21.0265,-89.6765
97314,Cerradas de la Herradura,Yucat·n,MÈrida,21.0265,-89.6765
97314,Paseos de Opichen la Joya,Yucat·n,MÈrida,21.0265,-89.6765
97314,La Perla Ciudad Caucel,Yucat·n,MÈrida,21.0265,-89.6765
97314,Pedregales de Ciudad Caucel,Yucat·n,MÈrida,21.0265,-89.6765
97314,La Herradura IV,Yucat·n,MÈrida,21.0265,-89.6765
97314,Sol Caucel III,Yucat·n,MÈrida,21.0265,-89.6765
97314,La Herradura III,Yucat·n,MÈrida,21.0265,-89.6765
97314,Terranova Caucel,Yucat·n,MÈrida,21.0265,-89.6765
97314,La Herradura II,Yucat·n,MÈrida,21.0265,-89.6765
97314,Rinconada de Caucel,Yucat·n,MÈrida,21.0265,-89.6765
97314,Gran Santa Fe,Yucat·n,MÈrida,21.0265,-89.6765
97314,Ciudad Caucel,Yucat·n,MÈrida,21.0265,-89.6765
97314,Balcones II,Yucat·n,MÈrida,21.0265,-89.6765
97314,Jardines de Caucel,Yucat·n,MÈrida,21.0265,-89.6765
97314,Hogares Caucel,Yucat·n,MÈrida,21.0265,-89.6765
97314,Arboleda,Yucat·n,MÈrida,21.0265,-89.6765
97314,Jardines del Caucel II,Yucat·n,MÈrida,21.0265,-89.6765
97314,Jardines de Poniente,Yucat·n,MÈrida,21.0265,-89.6765
97314,Las Torres I,Yucat·n,MÈrida,21.0265,-89.6765
97314,Las Torres II,Yucat·n,MÈrida,21.0265,-89.6765
97314,Villa JardÌn,Yucat·n,MÈrida,21.0265,-89.6765
97314,Villas de Caucel,Yucat·n,MÈrida,21.0265,-89.6765
97314,Viva Caucel,Yucat·n,MÈrida,21.0265,-89.6765
97314,Sasula,Yucat·n,MÈrida,21.0265,-89.6765
97315,San Pedro Chimay,Yucat·n,MÈrida,20.8646,-89.5796
97315,Molas,Yucat·n,MÈrida,20.8167,-89.63
97315,San Antonio Tzacal·,Yucat·n,MÈrida,20.7517,-89.6545
97315,Tex·n C·mara,Yucat·n,MÈrida,20.7898,-89.6663
97315,Dzununc·n,Yucat·n,MÈrida,20.8647,-89.6538
97315,Petac,Yucat·n,MÈrida,20.7696,-89.6586
97315,Xmatkuil,Yucat·n,MÈrida,20.8603,-89.6255
97315,Dzununcan,Yucat·n,MÈrida,20.8647,-89.6538
97315,Hunxectam·n,Yucat·n,MÈrida,20.8835,-89.5581
97315,TahdzibichÈn,Yucat·n,MÈrida,20.8859,-89.5977
97315,Santa Cruz Palomeque,Yucat·n,MÈrida,20.8807,-89.6533
97315,Nuevo San JosÈ Tecoh III,Yucat·n,MÈrida,20.838,-89.6326
97315,Nuevo San JosÈ Tecoh,Yucat·n,MÈrida,20.838,-89.6326
97316,DzoyaxchÈ,Yucat·n,MÈrida,20.7876,-89.5902
97316,Yaxnic,Yucat·n,MÈrida,20.7897,-89.6195
97316,San Ignacio Tesip,Yucat·n,MÈrida,20.8413,-89.612
