cp,colonia,estado,municipio,lat,lon
97000,la quinta,yucatan,merida,20.984,-89.6395
97000,jardines de san sebastian,yucatan,merida,20.9892,-89.7564
97000,privada del maestro,yucatan,merida,20.9892,-89.7564
97000,merida centro,yucatan,merida,20.9892,-89.7564
97000,los cocos,yucatan,merida,20.984,-89.6395
97000,privada garcia gineres c - 29,yucatan,merida,20.9892,-89.7564
97003,los reyes,yucatan,merida,20.86,-89.5975
97050,yucatan,yucatan,merida,20.9461,-89.7034
97050,alcala martin,yucatan,merida,20.9461,-89.7034
97050,conjunto residencial del norte,yucatan,merida,20.9461,-89.7034
97059,senorial,yucatan,merida,20.9461,-89.7034
97060,carrillo ancona,yucatan,merida,20.9461,-89.7034
97068,itzaes,yucatan,merida,20.9461,-89.7034
97069,inalambrica,yucatan,merida,20.9461,-89.7034
97070,dolores patron,yucatan,merida,20.9461,-89.7034
97070,el pedregal,yucatan,merida,20.984,-89.6395
97070,garcia gineres,yucatan,merida,20.9461,-89.7034
97080,la huerta,yucatan,merida,20.9461,-89.7034
97088,santa cecilia,yucatan,merida,20.984,-89.6395
97089,cupules,yucatan,merida,20.9461,-89.7034
97098,lourdes,yucatan,merida,20.984,-89.6395
97099,waspa,yucatan,merida,20.9461,-89.7034
97100,itzimna 2,yucatan,merida,20.9598,-89.596
97100,itzimna,yucatan,merida,20.9598,-89.596
97100,rinconada itzmina,yucatan,merida,20.9598,-89.596
97107,manola,yucatan,merida,20.9598,-89.596
97108,las arboledas,yucatan,merida,20.9598,-89.596
97109,jesus carranza,yucatan,merida,20.9598,-89.596
97109,ferrocarrileros,yucatan,merida,20.9598,-89.596
97110,unidad habitacional revolucion i (cordemex),yucatan,merida,21.1019,-89.6764
97110,unidad revolucion,yucatan,merida,21.1019,-89.6764
97113,xaman-tan,yucatan,merida,21.0654,-89.6743
97113,san antonio,yucatan,merida,21.0654,-89.6743
97113,montebello ii,yucatan,merida,21.0654,-89.6743
97113,montebello,yucatan,merida,21.0654,-89.6743
97113,gran royal altabrisa,yucatan,merida,21.0654,-89.6743
97113,sol campestre,yucatan,merida,21.0654,-89.6743
97114,monte alban,yucatan,merida,21.0422,-89.6618
97114,privada monterreal plus,yucatan,merida,21.0422,-89.6618
97114,residencial sol campestre,yucatan,merida,21.0422,-89.6618
97115,revolucion,yucatan,merida,21.1019,-89.6764
97115,ampliacion revolucion,yucatan,merida,21.1019,-89.6764
97115,ampliacion cordemex,yucatan,merida,21.1019,-89.6764
97115,residencial montejo norte,yucatan,merida,21.1019,-89.6764
97115,hacienda dzodzil,yucatan,merida,21.1019,-89.6764
97115,cordemex,yucatan,merida,21.1019,-89.6764
97115,gonzalo guerrero,yucatan,merida,21.1019,-89.6764
97115,residencial san angelo,yucatan,merida,21.1019,-89.6764
97115,royal del norte,yucatan,merida,21.1019,-89.6764
97115,montes de ame,yucatan,merida,21.1019,-89.6764
97116,san antonio cucul,yucatan,merida,21.0422,-89.6618
97116,privada san antonio cucul,yucatan,merida,21.0422,-89.6618
97117,san ramon norte i,yucatan,merida,21.0422,-89.6618
97117,villareal,yucatan,merida,21.0422,-89.6618
97117,san ramon norte,yucatan,merida,21.0422,-89.6618
97117,xaman-kab,yucatan,merida,21.0422,-89.6618
97117,san ramon sur,yucatan,merida,21.0422,-89.6618
97118,plan de ayala,yucatan,merida,20.8995,-89.6203
97118,villas del sol,yucatan,merida,20.8995,-89.6203
97118,ampliacion plan de ayala (villas del sol),yucatan,merida,20.8995,-89.6203
97119,villas la hacienda,yucatan,merida,21.0422,-89.6618
97119,villas del rey,yucatan,merida,21.0422,-89.6618
97119,benito juarez nte,yucatan,merida,21.0422,-89.6618
97119,gonzalo guerrero,yucatan,merida,21.0422,-89.6618
97120,tecnologico,yucatan,merida,20.9598,-89.596
97120,campestre,yucatan,merida,20.9598,-89.596
97120,del norte,yucatan,merida,20.984,-89.6395
97120,ampliacion del norte (1a. ampliacion),yucatan,merida,20.9598,-89.596
97121,centro sct yucatan,yucatan,merida,20.9598,-89.596
97125,mexico,yucatan,merida,20.9598,-89.596
97125,privada nuevo mexico,yucatan,merida,20.9598,-89.596
97127,montejo,yucatan,merida,20.9598,-89.596
97127,buenavista,yucatan,merida,20.984,-89.6395
97128,privada mediterraneo,yucatan,merida,20.9598,-89.596
97128,residencial colonia mexico,yucatan,merida,20.9598,-89.596
97128,privada real mexico,yucatan,merida,20.9598,-89.596
97128,mexico norte,yucatan,merida,20.9598,-89.596
97129,emiliano zapata nte,yucatan,merida,20.9598,-89.596
97130,vista alegre,yucatan,merida,21.0167,-89.5833
97130,san remo,yucatan,merida,20.9377,-89.5923
97130,san carlos,yucatan,merida,20.8588,-89.6013
97130,privada vista alegre,yucatan,merida,20.9377,-89.5923
97130,montecarlo norte,yucatan,merida,20.9377,-89.5923
97130,diaz ordaz,yucatan,merida,20.9377,-89.5923
97130,montecarlo,yucatan,merida,20.9377,-89.5923
97130,privada maya,yucatan,merida,20.9377,-89.5923
97130,altabrisa,yucatan,merida,20.9377,-89.5923
97130,cumbres de altabrisa,yucatan,merida,20.9377,-89.5923
97130,missan ii,yucatan,merida,20.9377,-89.5923
97130,residencial palmerales de altabrisa,yucatan,merida,20.9377,-89.5923
97130,santa rita cholul,yucatan,merida,20.9377,-89.5923
97130,torremolinos,yucatan,merida,20.9377,-89.5923
97130,vista alegre norte,yucatan,merida,20.9377,-89.5923
97133,montecristo,yucatan,merida,20.984,-89.6395
97133,residencial camara de comercio norte,yucatan,merida,20.931,-89.5887
97133,camara de comercio norte,yucatan,merida,20.931,-89.5887
97133,los palmares de altabrisa,yucatan,merida,20.931,-89.5887
97133,monterreal,yucatan,merida,20.931,-89.5887
97133,montevideo,yucatan,merida,20.931,-89.5887
97134,maya,yucatan,merida,20.931,-89.5887
97134,privada villa cholul,yucatan,merida,20.931,-89.5887
97134,jose maria iturralde,yucatan,merida,20.931,-89.5887
97134,paraiso maya,yucatan,merida,20.931,-89.5887
97135,jardines de merida,yucatan,merida,20.931,-89.5887
97136,felipe carrillo puerto nte,yucatan,merida,20.931,-89.5887
97137,mexico oriente,yucatan,merida,20.931,-89.5887
97138,santa maria,yucatan,merida,20.8167,-89.6167
97138,san pedro cholul,yucatan,merida,21.0319,-89.5533
97138,los pinos,yucatan,merida,20.984,-89.6395
97138,jardines del noreste,yucatan,merida,20.9243,-89.585
97138,los alamos,yucatan,merida,20.984,-89.6395
97138,la florida,yucatan,merida,20.9243,-89.585
97138,residencial bancarios,yucatan,merida,20.9243,-89.585
97138,pinos norte ii,yucatan,merida,20.9243,-89.585
97138,el arco,yucatan,merida,20.9243,-89.585
97138,jardines de vista alegre ii,yucatan,merida,20.9243,-89.585
97138,jardines de vista alegre,yucatan,merida,20.9243,-89.585
97138,jardines del norte,yucatan,merida,20.9243,-89.585
97138,residencial del arco,yucatan,merida,20.9243,-89.585
97138,vista alegre lotificacion,yucatan,merida,20.9243,-89.585
97139,san antonio cinta,yucatan,merida,20.931,-89.5887
97139,mail express,yucatan,merida,20.931,-89.5887
97139,jardines del norte,yucatan,merida,20.931,-89.5887
97139,prado norte,yucatan,merida,20.931,-89.5887
97139,san antonio cinta ii,yucatan,merida,20.931,-89.5887
97139,san antonio cinta iii,yucatan,merida,20.931,-89.5887
97140,lopez mateos,yucatan,merida,20.984,-89.6395
97140,san miguel,yucatan,merida,20.8714,-89.5853
97140,san luis,yucatan,merida,20.984,-89.6395
97142,san vicente oriente,yucatan,merida,20.9758,-89.5345
97142,antonia jimenez trava,yucatan,merida,20.9758,-89.5345
97142,poligono ctm,yucatan,merida,20.9758,-89.5345
97142,antonia jimenez trava ii,yucatan,merida,20.9758,-89.5345
97142,unidad habitacional ctm,yucatan,merida,20.9758,-89.5345
97143,leandro valle,yucatan,merida,20.9758,-89.5345
97143,brisas del bosque,yucatan,merida,20.9758,-89.5345
97143,itzimna 108,yucatan,merida,20.9758,-89.5345
97143,poligono 108,yucatan,merida,20.9758,-89.5345
97143,vicente guerrero,yucatan,merida,20.9758,-89.5345
97143,confederacion de trabajadores del estado de yucatan,yucatan,merida,20.9758,-89.5345
97143,la isla,yucatan,merida,20.984,-89.6395
97143,san vicente,yucatan,merida,20.9758,-89.5345
97143,boulevares de oriente,yucatan,merida,20.9758,-89.5345
97143,luis donaldo colosio,yucatan,merida,20.984,-89.6395
97143,bulevares de oriente,yucatan,merida,20.9758,-89.5345
97144,ampliacion las brisas,yucatan,merida,20.9758,-89.5345
97144,emiliano zapata ote,yucatan,merida,20.9758,-89.5345
97144,las brisas del norte,yucatan,merida,20.9758,-89.5345
97144,las brisas,yucatan,merida,20.984,-89.6395
97145,petkanche,yucatan,merida,20.9833,-89.6
97145,noria ii,yucatan,merida,20.9833,-89.6
97145,las palmas,yucatan,merida,20.984,-89.6395
97145,nueva aleman etapa iii pet-kanche,yucatan,merida,20.9833,-89.6
97145,pet-kanche,yucatan,merida,20.9833,-89.6
97145,nueva aleman,yucatan,merida,20.9833,-89.6
97145,los alamos aleman,yucatan,merida,20.9833,-89.6
97145,san juan grande,yucatan,merida,20.9833,-89.6
97146,las flores,yucatan,merida,20.984,-89.6395
97146,nueva aleman,yucatan,merida,21.0728,-89.4183
97147,san nicolas,yucatan,merida,20.984,-89.6395
97147,nuevo yucatan,yucatan,merida,20.9758,-89.5345
97147,san nicolas del norte,yucatan,merida,20.9758,-89.5345
97148,miguel aleman,yucatan,merida,20.9758,-89.5345
97149,san esteban,yucatan,merida,20.984,-89.6395
97150,industrial,yucatan,merida,20.8725,-89.551
97150,trava quintero,yucatan,merida,20.8725,-89.551
97155,fenix,yucatan,merida,20.984,-89.6395
97155,villa fontana,yucatan,merida,20.885,-89.5045
97155,lourdes industrial,yucatan,merida,20.885,-89.5045
97156,los reyes,yucatan,merida,20.86,-89.5975
97157,nueva mayapan,yucatan,merida,20.8725,-89.551
97157,lazaro cardenas ote,yucatan,merida,20.8725,-89.551
97158,chuminopolis,yucatan,merida,20.8725,-89.551
97159,manuel avila camacho,yucatan,merida,20.8725,-89.551
97159,mayapan,yucatan,merida,20.984,-89.6395
97159,nueva mayapan,yucatan,merida,20.8725,-89.551
97159,nueva pacabtun,yucatan,merida,20.8725,-89.551
97159,maximo ancona,yucatan,merida,20.8725,-89.551
97159,lotificacion las brisas,yucatan,merida,20.8725,-89.551
97160,pacabtun,yucatan,merida,20.9833,-89.5667
97160,privada del autotransporte ctm,yucatan,merida,20.9833,-89.5667
97160,manuel avila camacho,yucatan,merida,20.9833,-89.5667
97160,del parque,yucatan,merida,20.9833,-89.5667
97165,melchor ocampo,yucatan,merida,20.9833,-89.5667
97165,melchor ocampo ii,yucatan,merida,20.9833,-89.5667
97166,salvador alvarado oriente,yucatan,merida,20.9833,-89.5667
97166,fidel velazquez 2a etapa,yucatan,merida,20.9833,-89.5667
97166,fidel velazquez,yucatan,merida,20.9833,-89.5667
97167,bosques de oriente,yucatan,merida,20.9833,-89.5667
97167,emilio portes gil,yucatan,merida,20.9833,-89.5667
97167,privada emilio portes gil,yucatan,merida,20.9833,-89.5667
97168,madrid,yucatan,merida,20.9833,-89.5667
97168,del carmen,yucatan,merida,20.9833,-89.5667
97168,cortes sarmiento,yucatan,merida,20.9833,-89.5667
97168,jardines de miraflores,yucatan,merida,20.9833,-89.5667
97168,cerillera,yucatan,merida,20.9833,-89.5667
97169,wallis,yucatan,merida,20.9833,-89.5667
97169,esperanza,yucatan,merida,20.984,-89.6395
97170,nueva chichen-itza,yucatan,merida,20.95,-89.6167
97170,chichen-itza,yucatan,merida,20.984,-89.6395
97173,real san jose,yucatan,merida,20.95,-89.6167
97173,vergel i,yucatan,merida,20.95,-89.6167
97173,san jose vergel,yucatan,merida,20.95,-89.6167
97173,vergel ii,yucatan,merida,20.95,-89.6167
97173,misne iii,yucatan,merida,20.95,-89.6167
97173,vergel iii,yucatan,merida,20.95,-89.6167
97173,vergel iv,yucatan,merida,20.95,-89.6167
97174,azcorra ii,yucatan,merida,20.95,-89.6167
97174,villas la macarena,yucatan,merida,20.95,-89.6167
97174,morelos oriente,yucatan,merida,20.95,-89.6167
97175,amalia solorzano,yucatan,merida,20.95,-89.6167
97176,unidad habitacional ricardo flores magon,yucatan,merida,20.95,-89.6167
97176,vergel 65,yucatan,merida,20.95,-89.6167
97176,paseos del vergel,yucatan,merida,20.95,-89.6167
97176,misne ii,yucatan,merida,20.95,-89.6167
97176,san antonio kaua,yucatan,merida,20.95,-89.6167
97176,hacienda el vergel,yucatan,merida,20.95,-89.6167
97176,san pablo oriente,yucatan,merida,20.95,-89.6167
97176,aquaparque,yucatan,merida,20.95,-89.6167
97177,azcorra,yucatan,merida,20.95,-89.6167
97178,benito juarez ote,yucatan,merida,20.95,-89.6167
97179,miraflores,yucatan,merida,20.984,-89.6395
97179,privada miraflores,yucatan,merida,20.95,-89.6167
97180,vicente solis,yucatan,merida,20.9415,-89.6162
97189,san jose,yucatan,merida,20.8242,-89.6605
97189,canto,yucatan,merida,21.0589,-89.5719
97190,morelos issste fovissste,yucatan,merida,20.895,-89.605
97190,morelos,yucatan,merida,20.984,-89.6395
97195,san antonio kaua ii,yucatan,merida,20.895,-89.605
97195,jardines de san antonio kaua,yucatan,merida,20.895,-89.605
97195,miraflores ii,yucatan,merida,20.895,-89.605
97195,san antonio kaua i,yucatan,merida,20.895,-89.605
97195,san antonio kaua,yucatan,merida,20.895,-89.605
97195,nueva kukulkan,yucatan,merida,20.895,-89.605
97196,salvador alvarado sur ii,yucatan,merida,20.895,-89.605
97196,militar,yucatan,merida,20.895,-89.605
97196,ampliacion salvador alvarado sur,yucatan,merida,20.895,-89.605
97196,salvador alvarado sur,yucatan,merida,20.895,-89.605
97196,san antonio del sur,yucatan,merida,20.895,-89.605
97197,granjas,yucatan,merida,20.895,-89.605
97198,ampliacion granjas,yucatan,merida,20.895,-89.605
97198,reparto granjas,yucatan,merida,20.895,-89.605
97198,kukulcan,yucatan,merida,20.895,-89.605
97199,maria luisa,yucatan,merida,20.895,-89.605
97203,magnolias,yucatan,merida,20.984,-89.6395
97203,merida,yucatan,merida,20.9754,-89.617
97203,san pablo,yucatan,merida,20.984,-89.6395
97203,puesta del sol,yucatan,merida,20.9754,-89.617
97203,chuburna de hidalgo iv,yucatan,merida,20.9754,-89.617
97203,rincon colonial,yucatan,merida,20.9754,-89.617
97203,ampliacion francisco de montejo,yucatan,merida,20.9754,-89.617
97203,tulias de chuburna,yucatan,merida,20.9754,-89.617
97203,arboledas chuburna,yucatan,merida,20.9754,-89.617
97203,arcos del sol,yucatan,merida,20.9754,-89.617
97203,aurea residencial,yucatan,merida,20.9754,-89.617
97203,camara de la construccion,yucatan,merida,20.9754,-89.617
97203,francisco de montejo ii,yucatan,merida,20.9754,-89.617
97203,francisco de montejo iii,yucatan,merida,20.9754,-89.617
97203,francisco de montejo iv,yucatan,merida,20.9754,-89.617
97203,francisco de montejo v,yucatan,merida,20.9754,-89.617
97203,la castellana,yucatan,merida,20.9754,-89.617
97203,las haciendas iii,yucatan,merida,20.9754,-89.617
97203,nuevo san jose,yucatan,merida,20.9754,-89.617
97203,platino,yucatan,merida,20.9754,-89.617
97203,privada chuburna de hidalgo (ii),yucatan,merida,20.9754,-89.617
97203,nueva san jose chuburna,yucatan,merida,20.9754,-89.617
97203,francisco de montejo,yucatan,merida,20.9754,-89.617
97203,san francisco chuburna ii,yucatan,merida,20.9754,-89.617
97203,almendros,yucatan,merida,20.9754,-89.617
97203,brisas de chuburna,yucatan,merida,20.9754,-89.617
97203,el conquistador,yucatan,merida,20.9754,-89.617
97203,lotificacion chuburna de hidalgo i,yucatan,merida,20.9754,-89.617
97203,terranova,yucatan,merida,20.9754,-89.617
97203,villas del prado,yucatan,merida,20.9754,-89.617
97203,chuburna de hidalgo v,yucatan,merida,20.9754,-89.617
97203,cordeleros de chuburna,yucatan,merida,20.9754,-89.617
97203,lotificacion chuburna de hidalgo ii,yucatan,merida,20.9754,-89.617
97203,privada las palmas,yucatan,merida,20.9754,-89.617
97203,privada palma corozal,yucatan,merida,20.9754,-89.617
97203,industrias no contaminantes,yucatan,merida,20.9754,-89.617
97203,del bosque,yucatan,merida,20.9754,-89.617
97203,cocoteros,yucatan,merida,20.9754,-89.617
97203,chuburna de hidalgo iii,yucatan,merida,20.9754,-89.617
97203,el prado,yucatan,merida,20.9754,-89.617
97203,vista alegre de chuburna,yucatan,merida,20.9754,-89.617
97203,villas las palmas,yucatan,merida,20.9754,-89.617
97203,arekas,yucatan,merida,20.9754,-89.617
97203,privada chuburna plus,yucatan,merida,20.9754,-89.617
97203,privada villa palma real,yucatan,merida,20.9754,-89.617
97203,san pedro uxmal,yucatan,merida,20.9754,-89.617
97204,xcumpich,yucatan,merida,21.035,-89.6355
97204,revolucion,yucatan,merida,21.1019,-89.6764
97204,residencial galerias,yucatan,merida,21.0685,-89.6559
97204,residencial piedrasul,yucatan,merida,21.0685,-89.6559
97204,via montejo,yucatan,merida,21.0685,-89.6559
97205,bugambilias,yucatan,merida,20.984,-89.6395
97205,loma bonita xcumpich,yucatan,merida,21.0771,-89.5802
97205,san angel,yucatan,merida,20.984,-89.6395
97205,villa carmencita,yucatan,merida,21.0771,-89.5802
97205,el cortijo i,yucatan,merida,21.1122,-89.7478
97205,chuburna de hidalgo,yucatan,merida,21.0167,-89.6333
97205,boulevares de chuburna,yucatan,merida,21.0771,-89.5802
97205,tabachines,yucatan,merida,21.0771,-89.5802
97205,floresta,yucatan,merida,21.0771,-89.5802
97205,pinzon,yucatan,merida,21.0771,-89.5802
97205,paseo de montejo,yucatan,merida,21.0771,-89.5802
97205,las hadas,yucatan,merida,21.0771,-89.5802
97205,loma bonita,yucatan,merida,21.0771,-89.5802
97205,privada arboledas,yucatan,merida,21.0771,-89.5802
97205,privada campestre chuburna,yucatan,merida,21.0771,-89.5802
97205,privada turquesa,yucatan,merida,21.0771,-89.5802
97205,residencial hacienda real,yucatan,merida,21.0771,-89.5802
97205,chuburna inn,yucatan,merida,21.0771,-89.5802
97205,privada cortijo,yucatan,merida,21.0771,-89.5802
97205,privada pedregal ii,yucatan,merida,21.0771,-89.5802
97205,juan b sosa,yucatan,merida,21.0771,-89.5802
97205,san luis chuburna,yucatan,merida,21.0771,-89.5802
97205,el campanario,yucatan,merida,21.0771,-89.5802
97205,privada las flores,yucatan,merida,21.0771,-89.5802
97205,el cortijo ii,yucatan,merida,21.0771,-89.5802
97205,privada chuburna de hidalgo i,yucatan,merida,21.0771,-89.5802
97206,las dalias,yucatan,merida,20.984,-89.6395
97206,yaxche,yucatan,merida,21.034,-89.5002
97206,el rosario,yucatan,merida,20.984,-89.6395
97206,paraiso,yucatan,merida,20.8703,-89.5947
97206,san francisco i,yucatan,merida,20.9521,-89.5474
97206,privada san jose,yucatan,merida,20.9521,-89.5474
97206,san francisco chuburna,yucatan,merida,20.9521,-89.5474
97206,las dalias ii y iii,yucatan,merida,20.9521,-89.5474
97206,san jose i,yucatan,merida,20.9521,-89.5474
97206,villas chuburna iv,yucatan,merida,20.9521,-89.5474
97206,residencial la noria,yucatan,merida,20.9521,-89.5474
97206,residencial turquesa,yucatan,merida,20.9521,-89.5474
97206,privada cipreses,yucatan,merida,20.9521,-89.5474
97206,merida (elefante grande),yucatan,merida,20.9521,-89.5474
97206,lotificacion san vicente chuburna,yucatan,merida,20.9521,-89.5474
97206,san jose ii,yucatan,merida,20.9521,-89.5474
97206,privada la hacienda,yucatan,merida,20.9521,-89.5474
97206,san vicente chuburna,yucatan,merida,20.9521,-89.5474
97206,privada san angel chuburna,yucatan,merida,20.9521,-89.5474
97207,villas de chuburna,yucatan,merida,21.0294,-89.5997
97207,callejones de chuburna,yucatan,merida,21.0294,-89.5997
97208,chuburna de hidalgo,yucatan,merida,21.0167,-89.6333
97208,el cedral,yucatan,merida,20.984,-89.6395
97208,resid. las quintas (chuburna),yucatan,merida,21.0167,-89.6333
97208,felipe carrillo puerto,yucatan,merida,20.984,-89.6395
97208,malaga,yucatan,merida,21.0167,-89.6333
97208,rinconada de chuburna,yucatan,merida,21.0167,-89.6333
97208,privada chuburna de hidalgo,yucatan,merida,21.0167,-89.6333
97208,residencial atlantis,yucatan,merida,21.0167,-89.6333
97208,60 norte,yucatan,merida,21.0167,-89.6333
97209,jardines de chuburna,yucatan,merida,21.0294,-89.5997
97209,privada san jorge (chuburna),yucatan,merida,21.0294,-89.5997
97210,tanlum,yucatan,merida,20.8917,-89.65
97210,joaquin ceballos mimenza,yucatan,merida,20.8917,-89.65
97210,pedregales de tanlum,yucatan,merida,20.8917,-89.65
97215,aguilas chuburna,yucatan,merida,20.8917,-89.65
97215,colonial buenavista,yucatan,merida,20.8917,-89.65
97215,colonial chuburna,yucatan,merida,20.8917,-89.65
97217,residencial pensiones iii,yucatan,merida,20.8917,-89.65
97217,residencial pensiones vi,yucatan,merida,20.8917,-89.65
97217,residencial pensiones i y ii,yucatan,merida,20.8917,-89.65
97217,residencial pensiones v,yucatan,merida,20.8917,-89.65
97217,residencial pensiones iii (ii),yucatan,merida,20.8917,-89.65
97217,fovissste,yucatan,merida,20.8917,-89.65
97217,francisco el porvenir,yucatan,merida,20.8917,-89.65
97217,residencial pensiones iv,yucatan,merida,20.8917,-89.65
97217,pensiones norte,yucatan,merida,20.8917,-89.65
97217,residencial pensiones iii (1),yucatan,merida,20.8917,-89.65
97218,roma,yucatan,merida,20.7667,-89.65
97218,san isidro,yucatan,merida,20.7667,-89.65
97218,san damian,yucatan,merida,20.7667,-89.65
97218,lotificacion san damian,yucatan,merida,20.7667,-89.65
97218,privada san damian,yucatan,merida,20.7667,-89.65
97218,conjunto los naranjos,yucatan,merida,20.7667,-89.65
97218,residencial roma,yucatan,merida,20.7667,-89.65
97219,limones,yucatan,merida,20.984,-89.6395
97219,chenku,yucatan,merida,21.0167,-89.65
97219,lindavista,yucatan,merida,20.984,-89.6395
97219,residencial del bosque chenku,yucatan,merida,21.0167,-89.65
97219,francisco villa,yucatan,merida,20.984,-89.6395
97219,quinta versalles,yucatan,merida,21.0167,-89.65
97219,lazaro cardenas,yucatan,merida,20.984,-89.6395
97219,privada pensiones,yucatan,merida,21.0167,-89.65
97219,lotificacion san damiancito ii,yucatan,merida,21.0167,-89.65
97219,san damiancito,yucatan,merida,21.0167,-89.65
97219,residencial del norte,yucatan,merida,21.0167,-89.65
97219,lindavista ii,yucatan,merida,21.0167,-89.65
97219,jardines de lindavista,yucatan,merida,21.0167,-89.65
97219,amapola,yucatan,merida,21.0167,-89.65
97219,jardines de pensiones,yucatan,merida,21.0167,-89.65
97219,residencial pensiones vii,yucatan,merida,21.0167,-89.65
97219,lotificacion san damiancito i,yucatan,merida,21.0167,-89.65
97219,pedregal lindavista,yucatan,merida,21.0167,-89.65
97219,paseos de pensiones,yucatan,merida,21.0167,-89.65
97219,paseos de chenku,yucatan,merida,21.0167,-89.65
97219,hidraulica,yucatan,merida,21.0167,-89.65
97219,ampliacion pedregales de lindavista,yucatan,merida,21.0167,-89.65
97219,ampliacion lindavista (elefante chico),yucatan,merida,21.0167,-89.65
97219,pensiones,yucatan,merida,21.0167,-89.65
97219,unidad habitacional merida issste,yucatan,merida,21.0167,-89.65
97220,atlante,yucatan,merida,20.8753,-89.5953
97220,nueva hidalgo,yucatan,merida,20.8753,-89.5953
97220,atlantida,yucatan,merida,20.8753,-89.5953
97220,la vaca feliz,yucatan,merida,20.8753,-89.5953
97220,miguel hidalgo,yucatan,merida,20.8753,-89.5953
97220,zona dorada,yucatan,merida,20.8753,-89.5953
97225,privada san pedro,yucatan,merida,20.8753,-89.5953
97225,paseo de las fuentes,yucatan,merida,20.8753,-89.5953
97226,el porvenir,yucatan,merida,20.984,-89.6395
97227,las vigas,yucatan,merida,20.8753,-89.5953
97227,jacinto canek,yucatan,merida,20.984,-89.6395
97229,xcom,yucatan,merida,20.8753,-89.5953
97229,ampliacion roma (luis echeverria),yucatan,merida,20.8753,-89.5953
97229,luis echeverria alvarez,yucatan,merida,20.984,-89.6395
97229,15 de mayo,yucatan,merida,20.8753,-89.5953
97229,hacienda inn,yucatan,merida,20.8753,-89.5953
97229,zona dorada ii,yucatan,merida,20.8753,-89.5953
97229,hacienda san antonio,yucatan,merida,20.8753,-89.5953
97229,villa zona dorada,yucatan,merida,20.8753,-89.5953
97230,armando avila gurrutia,yucatan,merida,20.9328,-89.6283
97230,bojorquez,yucatan,merida,20.9328,-89.6283
97237,central de abasto,yucatan,merida,20.9328,-89.6283
97238,residencial casa blanca,yucatan,merida,20.9328,-89.6283
97238,villas de yacalpeten,yucatan,merida,20.9328,-89.6283
97238,brisas del poniente (yucalpeten),yucatan,merida,20.9328,-89.6283
97238,yucalpeten,yucatan,merida,20.9328,-89.6283
97238,nora quintana,yucatan,merida,20.9328,-89.6283
97238,jardines de yucalpeten,yucatan,merida,20.9328,-89.6283
97239,yucalpeten secc florida,yucatan,merida,20.9328,-89.6283
97240,francisco i madero,yucatan,merida,20.984,-89.6395
97245,xoclan canto,yucatan,merida,20.9259,-89.7159
97245,xoclan santos,yucatan,merida,20.9259,-89.7159
97245,lopez portillo,yucatan,merida,20.984,-89.6395
97246,juan pablo ii,yucatan,merida,20.9167,-89.7167
97246,la reja,yucatan,merida,20.984,-89.6395
97246,mulsay,yucatan,merida,20.9167,-89.7167
97246,los angeles,yucatan,merida,20.984,-89.6395
97246,bosques de mulsay,yucatan,merida,20.9167,-89.7167
97246,bosques del poniente,yucatan,merida,20.9167,-89.7167
97246,xoclan xbech,yucatan,merida,20.9167,-89.7167
97246,granja fruticola susula,yucatan,merida,20.9167,-89.7167
97246,jardines de nueva mulsay,yucatan,merida,20.9167,-89.7167
97246,mulsay solidaridad,yucatan,merida,20.9167,-89.7167
97246,xoclan,yucatan,merida,20.9167,-89.7167
97246,ampliacion juan pablo ii,yucatan,merida,20.9167,-89.7167
97246,xoclan carmelitas,yucatan,merida,20.9167,-89.7167
97246,anexo juan pablo ii,yucatan,merida,20.9167,-89.7167
97246,xoclan rejas,yucatan,merida,20.9167,-89.7167
97246,angeles ii,yucatan,merida,20.9167,-89.7167
97246,juan pablo ii cardenales,yucatan,merida,20.9167,-89.7167
97246,villas de tixcacal,yucatan,merida,20.9167,-89.7167
97246,paseos de opichen,yucatan,merida,20.9167,-89.7167
97246,bosques de yucalpeten,yucatan,merida,20.9167,-89.7167
97246,hacienda mulsay,yucatan,merida,20.9167,-89.7167
97246,san jose xoclan,yucatan,merida,20.9167,-89.7167
97246,juan pablo ii secc. merida 2000,yucatan,merida,20.9167,-89.7167
97246,mexico poniente,yucatan,merida,20.9167,-89.7167
97246,mulsay de la magdalena,yucatan,merida,20.9167,-89.7167
97246,mulsay poligono,yucatan,merida,20.9167,-89.7167
97247,san cayetano,yucatan,merida,20.9259,-89.7159
97247,san lorenzo,yucatan,merida,20.984,-89.6395
97249,tixcacal opichen,yucatan,merida,20.9443,-89.7144
97249,pedregales de nueva mulsay etapa,yucatan,merida,20.9305,-89.7155
97249,mulsay,yucatan,merida,20.9167,-89.7167
97249,ampliacion tixcacal opichen,yucatan,merida,20.9305,-89.7155
97249,cinturon verde,yucatan,merida,20.9305,-89.7155
97249,diamante paseos de opichen,yucatan,merida,20.9305,-89.7155
97249,girasoles de opichen,yucatan,merida,20.9305,-89.7155
97249,hacienda opichen,yucatan,merida,20.9305,-89.7155
97249,jardines de nueva mulsay iii,yucatan,merida,20.9305,-89.7155
97249,nucleo mulsay,yucatan,merida,20.9305,-89.7155
97249,nueva reforma agraria,yucatan,merida,20.9305,-89.7155
97249,plantel mexico,yucatan,merida,20.9305,-89.7155
97249,residencial valparaiso,yucatan,merida,20.9305,-89.7155
97249,tulipanes opichen,yucatan,merida,20.9305,-89.7155
97249,villa magna ii,yucatan,merida,20.9305,-89.7155
97249,xoclan susula (el convento),yucatan,merida,20.9305,-89.7155
97249,nueva mulsay,yucatan,merida,20.9305,-89.7155
97249,villa magna,yucatan,merida,20.9305,-89.7155
97249,nueva mulsay i,yucatan,merida,20.9305,-89.7155
97249,xoclan susula,yucatan,merida,20.9305,-89.7155
97249,jardines de nueva mulsay ii,yucatan,merida,20.9305,-89.7155
97250,sambula,yucatan,merida,20.984,-89.6395
97250,nueva sambula,yucatan,merida,20.7,-89.8
97255,santa barbara,yucatan,merida,20.984,-89.6395
97255,el roble,yucatan,merida,20.7994,-89.6093
97255,roble agricola iii,yucatan,merida,20.7994,-89.6093
97255,manuel crescencio rejon,yucatan,merida,20.7994,-89.6093
97255,bicentenario,yucatan,merida,20.7994,-89.6093
97255,roble ii,yucatan,merida,20.7994,-89.6093
97256,libertad iii,yucatan,merida,20.87,-89.5875
97256,renacimiento i,yucatan,merida,20.87,-89.5875
97256,lol-be,yucatan,merida,20.984,-89.6395
97256,industrial bridec,yucatan,merida,20.87,-89.5875
97256,renacimiento ii,yucatan,merida,20.87,-89.5875
97256,graciano ricalde,yucatan,merida,20.87,-89.5875
97256,villas merida,yucatan,merida,20.87,-89.5875
97256,residencial nicte,yucatan,merida,20.87,-89.5875
97256,alvaro torres,yucatan,merida,20.87,-89.5875
97256,libertad ii,yucatan,merida,20.87,-89.5875
97256,pino suarez,yucatan,merida,20.87,-89.5875
97258,salvador alvarado,yucatan,merida,20.984,-89.6395
97259,itzaez,yucatan,merida,20.7994,-89.6093
97260,obrera,yucatan,merida,20.9328,-89.6283
97260,circuito colonias,yucatan,merida,20.9328,-89.6283
97260,nueva obrera,yucatan,merida,20.9328,-89.6283
97260,villa moderna,yucatan,merida,20.9328,-89.6283
97260,villa de la obrera ii,yucatan,merida,20.9328,-89.6283
97260,villas del mayab,yucatan,merida,20.9328,-89.6283
97267,manzana 115,yucatan,merida,20.9328,-89.6283
97268,quinta valencia,yucatan,merida,20.9328,-89.6283
97268,delio moreno canton,yucatan,merida,20.9328,-89.6283
97269,santa maria de guadalupe,yucatan,merida,20.9328,-89.6283
97269,meliton salazar,yucatan,merida,20.9328,-89.6283
97269,las palmeras ii,yucatan,merida,20.9328,-89.6283
97270,dolores otero,yucatan,merida,20.853,-89.5979
97277,mercedes barrera,yucatan,merida,20.853,-89.5979
97278,castilla camara,yucatan,merida,20.853,-89.5979
97278,bosques del pedregal,yucatan,merida,20.853,-89.5979
97279,santa rosa,yucatan,merida,20.853,-89.5979
97279,quinta santa rosa,yucatan,merida,20.853,-89.5979
97280,santa rita,yucatan,merida,20.984,-89.6395
97280,5 colonias,yucatan,merida,20.8618,-89.6404
97284,lindavista,yucatan,merida,20.984,-89.6395
97284,lomas del sur,yucatan,merida,20.8618,-89.6404
97285,las nubes,yucatan,merida,20.984,-89.6395
97285,plan de ayala sur,yucatan,merida,20.8995,-89.6203
97285,san jose tzal,yucatan,merida,20.8242,-89.6605
97285,palmas del sur,yucatan,merida,20.8618,-89.6404
97285,villa magna del sur,yucatan,merida,20.8618,-89.6404
97285,san carlos del sur,yucatan,merida,20.8618,-89.6404
97285,serapio rendon iii,yucatan,merida,20.8618,-89.6404
97285,bellavista,yucatan,merida,20.8618,-89.6404
97285,jardines del sur,yucatan,merida,20.8618,-89.6404
97285,serapio rendon ii,yucatan,merida,20.8618,-89.6404
97285,alamos del sur,yucatan,merida,20.8618,-89.6404
97285,serapio rendon,yucatan,merida,20.8618,-89.6404
97285,villas del sur,yucatan,merida,20.8618,-89.6404
97285,plan de ayala sur iii,yucatan,merida,20.8618,-89.6404
97285,san carlos del sur ii,yucatan,merida,20.8618,-89.6404
97285,villa bonita,yucatan,merida,20.8618,-89.6404
97285,lotificacion serapio rendon 1,yucatan,merida,20.8618,-89.6404
97286,las brisas del sur,yucatan,merida,20.8618,-89.6404
97287,del sur,yucatan,merida,20.984,-89.6395
97288,ampliacion ciudad industrial,yucatan,merida,20.8618,-89.6404
97288,ciudad industrial,yucatan,merida,20.8618,-89.6404
97289,la hacienda,yucatan,merida,20.8618,-89.6404
97289,san nicolas del sur,yucatan,merida,20.8618,-89.6404
97290,la guadalupana,yucatan,merida,20.984,-89.6395
97290,san antonio xluch,yucatan,merida,20.8985,-89.6509
97290,nueva san jose tecoh,yucatan,merida,20.8985,-89.6509
97290,san antonio xluch ii,yucatan,merida,20.8985,-89.6509
97290,san luis sur,yucatan,merida,20.8985,-89.6509
97295,san marcos,yucatan,merida,20.984,-89.6395
97295,santa cruz,yucatan,merida,20.8807,-89.6533
97295,el roble agricola,yucatan,merida,20.8807,-89.6533
97295,merida (lic. manuel crescencio rejon),yucatan,merida,20.8807,-89.6533
97296,san marcos nocoh,yucatan,merida,20.8896,-89.6521
97296,san marcos nocoh ii,yucatan,merida,20.8896,-89.6521
97297,emiliano zapata sur iii,yucatan,merida,20.8896,-89.6521
97297,emiliano zapata sur ii,yucatan,merida,20.8896,-89.6521
97297,villas quetzal,yucatan,merida,20.8896,-89.6521
97297,emiliano zapata sur,yucatan,merida,20.8896,-89.6521
97297,metropolitana,yucatan,merida,20.8896,-89.6521
97297,san luis sur,yucatan,merida,20.8896,-89.6521
97297,san antonio xluch iii,yucatan,merida,20.8896,-89.6521
97298,privada zuzil - ha,yucatan,merida,20.8896,-89.6521
97298,zacilha,yucatan,merida,20.8896,-89.6521
97298,brisas de san jose,yucatan,merida,20.8896,-89.6521
97298,zazil - ha ii,yucatan,merida,20.8896,-89.6521
97298,san jose tecoh sur,yucatan,merida,20.8896,-89.6521
97299,san jose tecoh,yucatan,merida,20.8896,-89.6521
97299,san antonio tecoh,yucatan,merida,20.8896,-89.6521
97300,ejido de chuburna,yucatan,merida,21.0778,-89.6205
97302,temozon norte,yucatan,merida,21.0647,-89.596
97302,chablekal,yucatan,merida,21.0965,-89.5777
97302,sac-nicte,yucatan,merida,21.1412,-89.5843
97302,komchen,yucatan,merida,21.1034,-89.6624
97302,dzitya,yucatan,merida,21.0519,-89.6785
97302,sierra papacal,yucatan,merida,21.1252,-89.7302
97302,royal del parque,yucatan,merida,21.1015,-89.6437
97302,xcanatun,yucatan,merida,21.0766,-89.6303
97302,las fincas,yucatan,merida,21.1015,-89.6437
97302,dzidzilche,yucatan,merida,21.1523,-89.6903
97302,san antonio residencial,yucatan,merida,21.1015,-89.6437
97302,xotik,yucatan,merida,21.1015,-89.6437
97302,los tamarindos,yucatan,merida,21.1015,-89.6437
97302,nucleo sodzil,yucatan,merida,21.1015,-89.6437
97302,palmequen,yucatan,merida,21.1015,-89.6437
97302,residencial xcanatun,yucatan,merida,21.1015,-89.6437
97302,piedra antigua,yucatan,merida,21.1015,-89.6437
97302,real montejo,yucatan,merida,21.1015,-89.6437
97302,residencial del mayab,yucatan,merida,21.1015,-89.6437
97302,las americas,yucatan,merida,21.1015,-89.6437
97302,club de golf la ceiba,yucatan,merida,21.1015,-89.6437
97302,las americas ii,yucatan,merida,21.1015,-89.6437
97303,cheuman,yucatan,merida,21.067,-89.7071
97303,cosgaya,yucatan,merida,21.0987,-89.7061
97303,noc ac,yucatan,merida,21.0794,-89.7177
97303,kikteil,yucatan,merida,21.1298,-89.6941
97304,tamanche,yucatan,merida,21.1392,-89.6413
97304,xcunya,yucatan,merida,21.1326,-89.614
97305,dzibilchaltun,yucatan,merida,21.0982,-89.5985
97305,villas cholul,yucatan,merida,21.011,-89.5709
97305,santa gertrudis copo,yucatan,merida,21.0332,-89.5919
97305,cholul,yucatan,merida,21.0426,-89.5587
97305,granjas cholul,yucatan,merida,21.011,-89.5709
97305,jalapa,yucatan,merida,20.984,-89.6395
97305,sian kaan,yucatan,merida,21.011,-89.5709
97305,san luis cholul,yucatan,merida,21.011,-89.5709
97305,residencial campestre viladiu,yucatan,merida,21.011,-89.5709
97305,residencial anturio,yucatan,merida,21.011,-89.5709
97305,parque central,yucatan,merida,21.011,-89.5709
97305,paraiso las margaritas,yucatan,merida,21.011,-89.5709
97305,las margaritas de cholul,yucatan,merida,21.011,-89.5709
97305,gran san pedro cholul,yucatan,merida,21.011,-89.5709
97305,cocoyoles,yucatan,merida,21.011,-89.5709
97305,bogdan,yucatan,merida,21.011,-89.5709
97305,altavista,yucatan,merida,21.011,-89.5709
97305,algarrobos desarrollo residencial,yucatan,merida,21.011,-89.5709
97306,santa maria chi,yucatan,merida,21.0322,-89.4815
97306,sitpach,yucatan,merida,21.0265,-89.5212
97306,chichi diaz,yucatan,merida,21.0293,-89.5014
97306,los heroes,yucatan,merida,21.0293,-89.5014
97306,villas de oriente,yucatan,merida,21.0293,-89.5014
97306,chichi suarez,yucatan,merida,21.0293,-89.5014
97307,la rejoyada,yucatan,merida,20.984,-89.6395
97308,yucatan country club,yucatan,merida,21.1172,-89.635
97308,santa maria yaxche,yucatan,merida,21.1172,-89.635
97309,yaxche casares,yucatan,merida,21.034,-89.5002
97309,cordemex,yucatan,merida,21.034,-89.5002
97310,oncan,yucatan,merida,20.9635,-89.4839
97312,chalmuch,yucatan,merida,20.9737,-89.7292
97312,tixcacal,yucatan,merida,20.9167,-89.6
97312,los faisanes de tixcacal,yucatan,merida,20.9452,-89.6646
97314,caucel,yucatan,merida,21.0154,-89.7035
97314,la ceiba,yucatan,merida,21.0914,-89.6294
97314,susula,yucatan,merida,20.9727,-89.6967
97314,las torres,yucatan,merida,20.984,-89.6395
97314,boulevares,yucatan,merida,21.0265,-89.6765
97314,la herradura,yucatan,merida,20.984,-89.6395
97314,ciricotes de caucel,yucatan,merida,21.0265,-89.6765
97314,los almendros,yucatan,merida,20.984,-89.6395
97314,sol caucel,yucatan,merida,21.0265,-89.6765
97314,caucel ii,yucatan,merida,21.0265,-89.6765
97314,horizontes de caucel,yucatan,merida,21.0265,-89.6765
97314,las torres iii,yucatan,merida,21.0265,-89.6765
97314,hacienda caucel,yucatan,merida,21.0265,-89.6765
97314,los balcones,yucatan,merida,21.0265,-89.6765
97314,centenario camara de comercio caucel,yucatan,merida,21.0265,-89.6765
97314,los cocos de caucel,yucatan,merida,21.0265,-89.6765
97314,cerradas de la herradura,yucatan,merida,21.0265,-89.6765
97314,paseos de opichen la joya,yucatan,merida,21.0265,-89.6765
97314,la perla ciudad caucel,yucatan,merida,21.0265,-89.6765
97314,pedregales de ciudad caucel,yucatan,merida,21.0265,-89.6765
97314,la herradura iv,yucatan,merida,21.0265,-89.6765
97314,sol caucel iii,yucatan,merida,21.0265,-89.6765
97314,la herradura iii,yucatan,merida,21.0265,-89.6765
97314,terranova caucel,yucatan,merida,21.0265,-89.6765
97314,la herradura ii,yucatan,merida,21.0265,-89.6765
97314,rinconada de caucel,yucatan,merida,21.0265,-89.6765
97314,gran santa fe,yucatan,merida,21.0265,-89.6765
97314,ciudad caucel,yucatan,merida,21.0265,-89.6765
97314,balcones ii,yucatan,merida,21.0265,-89.6765
97314,jardines de caucel,yucatan,merida,21.0265,-89.6765
97314,hogares caucel,yucatan,merida,21.0265,-89.6765
97314,arboleda,yucatan,merida,21.0265,-89.6765
97314,jardines del caucel ii,yucatan,merida,21.0265,-89.6765
97314,jardines de poniente,yucatan,merida,21.0265,-89.6765
97314,las torres i,yucatan,merida,21.0265,-89.6765
97314,las torres ii,yucatan,merida,21.0265,-89.6765
97314,villa jardin,yucatan,merida,21.0265,-89.6765
97314,villas de caucel,yucatan,merida,21.0265,-89.6765
97314,viva caucel,yucatan,merida,21.0265,-89.6765
97314,sasula,yucatan,merida,21.0265,-89.6765
97315,san pedro chimay,yucatan,merida,20.8646,-89.5796
97315,molas,yucatan,merida,20.8167,-89.63
97315,san jose tzal,yucatan,merida,20.8242,-89.6605
97315,san antonio tzacala,yucatan,merida,20.7517,-89.6545
97315,texan camara,yucatan,merida,20.7898,-89.6663
97315,dzununcan,yucatan,merida,20.8647,-89.6538
97315,petac,yucatan,merida,20.7696,-89.6586
97315,xmatkuil,yucatan,merida,20.8603,-89.6255
97315,dzununcan,yucatan,merida,20.8647,-89.6538
97315,hunxectaman,yucatan,merida,20.8835,-89.5581
97315,la guadalupana,yucatan,merida,20.984,-89.6395
97315,tahdzibichen,yucatan,merida,20.8859,-89.5977
97315,santa cruz palomeque,yucatan,merida,20.8807,-89.6533
97315,nuevo san jose tecoh iii,yucatan,merida,20.838,-89.6326
97315,nuevo san jose tecoh,yucatan,merida,20.838,-89.6326
97316,dzoyaxche,yucatan,merida,20.7876,-89.5902
97316,yaxnic,yucatan,merida,20.7897,-89.6195
97316,san ignacio tesip,yucatan,merida,20.8413,-89.612
